"<?xml version='1.0'?><Architecture name='MicroGrid_Layout_1_phase'><Definitions><Library name='Modelica'><ElementType name='Blocks'><SubType name='Sources'><Type category='GridCapacity' name='GridCapacity'></Type></Element></SubType></ElementType></Library><Library name='Microgrid'><ElementType name='OnePhase'><SubType name='Sources'><Type category='MainGrid' name='MainGrid'></Type></Element></SubType></ElementType></Library><Library name='Microgrid'><ElementType name='OnePhase'><SubType name='Components'><Element name='Transformers'><Type category='TransformerBasic' name='Transformer4'></Type></Element></SubType></ElementType></Library><Library name='Microgrid'><ElementType name='OnePhase'><SubType name='Components'><Element name='Transformers'><Type category='BusBar' name='BusBar1'></Type></Element></SubType></ElementType></Library><Library name='Microgrid'><ElementType name='OnePhase'><SubType name='Components'><Element name='Load'><Type category='Resistive' name='load4'></Type></Element></SubType></ElementType></Library><Library name='Microgrid'><ElementType name='Examples'><SubType name='OnePhase'><Type category='Building_load' name='Building_load4'></Type></Element></SubType></ElementType></Library><Library name='Microgrid'><ElementType name='Examples'><SubType name='OnePhase'><Type category='BusBar' name='BusBar2'></Type></Element></SubType></ElementType></Library><Library name='Microgrid'><ElementType name='OnePhase'><SubType name='Components'><Element name='Breaker'><Type category='CircuitBreaker' name='CircuitBreaker1'></Type></Element></SubType></ElementType></Library><Library name='Modelica'><ElementType name='Blocks'><SubType name='Sources'><Type category='irradiance' name='irradiance1'></Type></Element></SubType></ElementType></Library><Library name='Microgrid'><ElementType name='OnePhase'><SubType name='Sources'><Type category='PV_GridTie' name='PV_GridTie1'></Type></Element></SubType></ElementType></Library><Library name='Microgrid'><ElementType name='OnePhase'><SubType name='Components'><Element name='Transformers'><Type category='TransformerBasic' name='Transformer3'></Type></Element></SubType></ElementType></Library><Library name='Modelica'><ElementType name='Blocks'><SubType name='Sources'><Type category='irradiance' name='irradiance2'></Type></Element></SubType></ElementType></Library><Library name='Microgrid'><ElementType name='OnePhase'><SubType name='Sources'><Type category='PV_GridTie' name='PV_GridTie2'></Type></Element></SubType></ElementType></Library><Library name='Microgrid'><ElementType name='OnePhase'><SubType name='Components'><Element name='Transformers'><Type category='TransformerBasic' name='Transformer2'></Type></Element></SubType></ElementType></Library><Library name='Modelica'><ElementType name='Blocks'><SubType name='Sources'><Type category='irradiance' name='irradiance3'></Type></Element></SubType></ElementType></Library><Library name='Microgrid'><ElementType name='OnePhase'><SubType name='Sources'><Type category='PV_GridTie' name='PV_GridTie3'></Type></Element></SubType></ElementType></Library><Library name='Microgrid'><ElementType name='OnePhase'><SubType name='Components'><Element name='Transformers'><Type category='TransformerBasic' name='Transformer1'></Type></Element></SubType></ElementType></Library><Library name='Microgrid'><ElementType name='OnePhase'><SubType name='Components'><Element name='Load'><Type category='Resistive' name='load1'></Type></Element></SubType></ElementType></Library><Library name='Microgrid'><ElementType name='OnePhase'><SubType name='Components'><Element name='Load'><Type category='Resistive' name='load2'></Type></Element></SubType></ElementType></Library><Library name='Microgrid'><ElementType name='OnePhase'><SubType name='Components'><Element name='Load'><Type category='Resistive' name='load3'></Type></Element></SubType></ElementType></Library><Library name='Microgrid'><ElementType name='Examples'><SubType name='OnePhase'><Type category='Building_load' name='Building_load1'></Type></Element></SubType></ElementType></Library><Library name='Microgrid'><ElementType name='Examples'><SubType name='OnePhase'><Type category='Building_load' name='Building_load2'></Type></Element></SubType></ElementType></Library><Library name='Microgrid'><ElementType name='Examples'><SubType name='OnePhase'><Type category='Building_load' name='Building_load3'></Type></Element></SubType></ElementType></Library><Library name='Microgrid'><ElementType name='Examples'><SubType name='OnePhase'><Type category='BusBar' name='BusBar3'></Type></Element></SubType></ElementType></Library><Library name='Microgrid'><ElementType name='OnePhase'><SubType name='Components'><Element name='Breaker'><Type category='CircuitBreaker' name='CircuitBreaker2'></Type></Element></SubType></ElementType></Library><Library name='Microgrid'><ElementType name='OnePhase'><SubType name='Components'><Element name='Load'><Type category='Resistive' name='load5'></Type></Element></SubType></ElementType></Library><Library name='Microgrid'><ElementType name='OnePhase'><SubType name='Components'><Element name='Load'><Type category='Resistive' name='load6'></Type></Element></SubType></ElementType></Library><Library name='Microgrid'><ElementType name='Examples'><SubType name='OnePhase'><Type category='Building_load' name='Building_load5'></Type></Element></SubType></ElementType></Library><Library name='Microgrid'><ElementType name='Examples'><SubType name='OnePhase'><Type category='Building_load' name='Building_load6'></Type></Element></SubType></ElementType></Library><Library name='Modelica'><ElementType name='Blocks'><SubType name='Sources'><Type category='WindVelocity' name='WindVelocity1'></Type></Element></SubType></ElementType></Library><Library name='Microgrid'><ElementType name='OnePhase'><SubType name='Sources'><Type category='WindPowerPlant' name='WindPowerPlant1'></Type></Element></SubType></ElementType></Library><Library name='Microgrid'><ElementType name='OnePhase'><SubType name='Sources'><Type category='WindPowerPlant' name='WindPowerPlant2'></Type></Element></SubType></ElementType></Library><Library name='Modelica'><ElementType name='Blocks'><SubType name='Sources'><Type category='WindVelocity' name='WindVelocity2'></Type></Element></SubType></ElementType></Library></Definitions></Architecture>"