{"grid":[[null,null,null,null,null,null,null,null,null,null,null,null,null,null,null,null,null,null,null,null,null,null,null,null,null,null,null,null,null,null,null,null,null,null,null,null,null,null,null,null,null,null,null,null,null,null,null,null,null,null,null,null,null,null,null,null,null,null,null,null,null,null,null,null,null,null,null,null,null,null],[null,{"coordinate":{"row":1,"col":1},"name":"Building_load","id":5,"type":"Building_load","properties":[],"link":null,"namespace":"MicroGrid.Examples.OnePhase.Building_load","componentRefID":14,"$$hashKey":"object:1810","terminalValue":[],"connectionRow":[{"id":14,"saveStatus":true,"$$hashKey":"object:1840","destLink":"y","srcName":{"coordinate":{"row":1,"col":5},"name":"Resistive","id":4,"type":"Resistive","properties":[],"link":null,"namespace":"MicroGrid.OnePhase.Components.Load.Resistive","componentRefID":5,"$$hashKey":"object:1809","terminalValue":[],"connectionRow":[{"id":5,"saveStatus":true,"$$hashKey":"object:1835","destLink":"v_in","srcName":{"coordinate":{"row":2,"col":12},"name":"CircuitBreaker","id":3,"type":"CircuitBreaker","properties":[{"name":"Cut","value":"20"}],"link":null,"namespace":"MicroGrid.OnePhase.Components.Breaker.CircuitBreaker","componentRefID":13,"$$hashKey":"object:1808","terminalValue":[],"propertyList":[{"id":13,"saveStatus":true,"$$hashKey":"object:1831","selectedProp":{"name":"Cut","value":"20","$$hashKey":"object:1680"},"value":"20"}],"attributeSave":true,"connections":[{"id":3,"ConnectionCells":[{"row":2,"col":16,"dir":"LEFT"},{"row":2,"col":15,"dir":"LEFT"},{"row":2,"col":14,"dir":"LEFT"},{"row":2,"col":13,"dir":"LEFT"}]},{"id":4,"ConnectionCells":[{"row":2,"col":11,"dir":"LEFT"},{"row":2,"col":10,"dir":"LEFT"}]}],"componentConnectedpairs":[{"id":3,"coordinate":{"row":2,"col":17},"flow":"inward"},{"id":4,"coordinate":{"row":2,"col":9},"flow":"outward"}]},"srcLink":"V_out"}],"connectionSave":true,"connections":[{"id":5,"ConnectionCells":[{"row":1,"col":8,"dir":"LEFT"},{"row":1,"col":7,"dir":"LEFT"},{"row":1,"col":6,"dir":"LEFT"}]},{"id":6,"targetId":5,"ConnectionCells":[{"row":1,"col":4,"dir":"LEFT"},{"row":1,"col":3,"dir":"LEFT"},{"row":1,"col":2,"dir":"LEFT"}]}],"componentConnectedpairs":[{"id":5,"coordinate":{"row":1,"col":9},"flow":"inward"},{"id":6,"targetComponentId":5,"coordinate":{"row":1,"col":1},"flow":"outward"}]},"srcLink":"y"}],"connectionSave":true,"connections":[{"id":6,"targetId":4,"ConnectionCells":[{"row":1,"col":4,"dir":"LEFT"},{"row":1,"col":3,"dir":"LEFT"},{"row":1,"col":2,"dir":"LEFT"}]}],"componentConnectedpairs":[{"id":6,"targetComponentId":4,"coordinate":{"row":1,"col":5},"flow":"inward"}]},{"leftCount":1,"leftDir":"LEFT","connectedCell":true,"direction":"LEFT"},{"leftCount":1,"leftDir":"LEFT","connectedCell":true,"direction":"LEFT"},{"leftCount":1,"leftDir":"LEFT","connectedCell":true,"direction":"LEFT"},{"coordinate":{"row":1,"col":5},"name":"Resistive","id":4,"type":"Resistive","properties":[],"link":null,"namespace":"MicroGrid.OnePhase.Components.Load.Resistive","componentRefID":5,"$$hashKey":"object:1809","terminalValue":[{}],"connectionRow":[{"id":5,"saveStatus":true,"$$hashKey":"object:16917","destLink":"v_in","srcName":{"coordinate":{"row":2,"col":13},"name":"NewFeeder","id":9,"type":"NewFeeder","properties":[],"link":null,"namespace":"MicroGrid.OnePhase.Components.Transmission.NewFeeder","componentRefID":7,"connections":[{"id":8,"ConnectionCells":[{"row":2,"col":16,"dir":"LEFT"},{"row":2,"col":15,"dir":"LEFT"},{"row":2,"col":14,"dir":"LEFT"}]},{"id":9,"ConnectionCells":[{"row":2,"col":12,"dir":"LEFT"},{"row":2,"col":11,"dir":"LEFT"},{"row":2,"col":10,"dir":"LEFT"}]}],"componentConnectedpairs":[{"id":8,"coordinate":{"row":2,"col":17},"flow":"inward"},{"id":9,"coordinate":{"row":2,"col":9},"flow":"outward"}],"$$hashKey":"object:16912"},"srcLink":"V_out"}],"connectionSave":true,"connections":[{"id":5,"ConnectionCells":[{"row":1,"col":8,"dir":"LEFT"},{"row":1,"col":7,"dir":"LEFT"},{"row":1,"col":6,"dir":"LEFT"}]},{"id":6,"targetId":5,"ConnectionCells":[{"row":1,"col":4,"dir":"LEFT"},{"row":1,"col":3,"dir":"LEFT"},{"row":1,"col":2,"dir":"LEFT"}]}],"componentConnectedpairs":[{"id":5,"coordinate":{"row":1,"col":9},"flow":"inward"},{"id":6,"targetComponentId":5,"coordinate":{"row":1,"col":1},"flow":"outward"}]},{"leftCount":1,"leftDir":"LEFT","connectedCell":true,"direction":"LEFT"},{"leftCount":1,"leftDir":"LEFT","connectedCell":true,"direction":"LEFT"},{"leftCount":1,"leftDir":"LEFT","connectedCell":true,"direction":"LEFT"},{"lineCol":true,"isLine":true,"connections":[{"id":5,"targetId":4,"ConnectionCells":[{"row":1,"col":8,"dir":"LEFT"},{"row":1,"col":7,"dir":"LEFT"},{"row":1,"col":6,"dir":"LEFT"}]}],"componentConnectedpairs":[{"id":5,"targetComponentId":4,"coordinate":{"row":1,"col":5},"flow":"outward"}]},null,null,null,null,null,null,null,{"lineCol":true,"isLine":true,"connections":[],"componentConnectedpairs":[]},{"leftCount":0,"leftDir":null,"connectedCell":true,"direction":null},{"leftCount":0,"leftDir":null,"connectedCell":true,"direction":null},{"leftCount":0,"leftDir":null,"connectedCell":true,"direction":null},{"leftCount":0,"leftDir":null,"connectedCell":true,"direction":null},{"leftCount":0,"leftDir":null,"connectedCell":true,"direction":null},{"lineCol":true,"isLine":true},null,null,null,null,null,{"leftCount":0,"leftDir":null,"connectedCell":true,"downCount":1,"downDir":"DOWN","direction":"DOWN"},{"leftCount":1,"leftDir":"LEFT","connectedCell":true,"direction":"LEFT"},{"leftCount":1,"leftDir":"LEFT","connectedCell":true,"direction":"LEFT"},{"leftCount":1,"leftDir":"LEFT","connectedCell":true,"direction":"LEFT"},{"leftCount":1,"leftDir":"LEFT","connectedCell":true,"direction":"LEFT"},{"leftCount":1,"leftDir":"LEFT","connectedCell":true,"direction":"LEFT"},{"leftCount":1,"leftDir":"LEFT","connectedCell":true,"direction":"LEFT"},{"leftCount":1,"leftDir":"LEFT","connectedCell":true,"direction":"LEFT"},{"leftCount":1,"leftDir":"LEFT","connectedCell":true,"direction":"LEFT"},{"leftCount":1,"leftDir":"LEFT","connectedCell":true,"direction":"LEFT"},{"leftCount":1,"leftDir":"LEFT","connectedCell":true,"direction":"LEFT"},{"coordinate":{"row":1,"col":40},"name":"SolarPanel","id":4,"type":"SolarPanel","properties":[{"name":"P_Capacity","value":"1000"},{"name":"P_Capacity","value":"500"}],"link":null,"namespace":"MicroGrid.OnePhase.Sources.PowerSource","componentRefID":0,"$$hashKey":"object:3511","connections":[{"id":6,"targetId":6,"ConnectionCells":[{"row":1,"col":39,"dir":"LEFT"},{"row":1,"col":38,"dir":"LEFT"},{"row":1,"col":37,"dir":"LEFT"},{"row":1,"col":36,"dir":"LEFT"},{"row":1,"col":35,"dir":"LEFT"},{"row":1,"col":34,"dir":"LEFT"},{"row":1,"col":33,"dir":"LEFT"},{"row":1,"col":32,"dir":"LEFT"},{"row":1,"col":31,"dir":"LEFT"},{"row":1,"col":30,"dir":"LEFT"},{"row":1,"col":29,"dir":"DOWN"}]}],"componentConnectedpairs":[{"id":6,"targetComponentId":6,"coordinate":{"row":2,"col":29},"flow":"outward"}],"terminalValue":[],"propertyList":[{"id":0,"saveStatus":true,"$$hashKey":"object:12340","selectedProp":{"name":"P_Capacity","value":"","$$hashKey":"object:12342"},"value":"1000"},{"id":0,"saveStatus":true,"$$hashKey":"object:12344","selectedProp":{"name":"P_Capacity","value":"","$$hashKey":"object:12342"},"value":"500"}],"attributeSave":true,"connectionRow":[{"id":0,"saveStatus":true,"$$hashKey":"object:12346","destLink":"V_out","srcName":{"coordinate":{"row":2,"col":29},"name":"TransformerBasic","id":6,"type":"TransformerBasic","properties":[{"name":"TurnsRatio","value":"16.67"}],"link":null,"namespace":"MicroGrid.OnePhase.Components.Transformers.TransformerBasic","componentRefID":11,"$$hashKey":"object:3517","connections":[{"id":5,"ConnectionCells":[{"row":2,"col":28,"dir":"LEFT"},{"row":2,"col":27,"dir":"LEFT"},{"row":2,"col":26,"dir":"LEFT"},{"row":2,"col":25,"dir":"LEFT"},{"row":2,"col":24,"dir":"LEFT"}]},{"id":6,"targetId":4,"ConnectionCells":[{"row":1,"col":39,"dir":"LEFT"},{"row":1,"col":38,"dir":"LEFT"},{"row":1,"col":37,"dir":"LEFT"},{"row":1,"col":36,"dir":"LEFT"},{"row":1,"col":35,"dir":"LEFT"},{"row":1,"col":34,"dir":"LEFT"},{"row":1,"col":33,"dir":"LEFT"},{"row":1,"col":32,"dir":"LEFT"},{"row":1,"col":31,"dir":"LEFT"},{"row":1,"col":30,"dir":"LEFT"},{"row":1,"col":29,"dir":"DOWN"}]},{"id":7,"targetId":5,"ConnectionCells":[{"row":3,"col":39,"dir":"LEFT"},{"row":3,"col":38,"dir":"LEFT"},{"row":3,"col":37,"dir":"LEFT"},{"row":3,"col":36,"dir":"LEFT"},{"row":3,"col":35,"dir":"LEFT"},{"row":3,"col":34,"dir":"LEFT"},{"row":3,"col":33,"dir":"LEFT"},{"row":3,"col":32,"dir":"LEFT"},{"row":3,"col":31,"dir":"LEFT"},{"row":3,"col":30,"dir":"LEFT"},{"row":3,"col":29,"dir":"UP"}]}],"componentConnectedpairs":[{"id":5,"coordinate":{"row":2,"col":23},"flow":"outward"},{"id":6,"targetComponentId":4,"coordinate":{"row":1,"col":40},"flow":"inward"},{"id":7,"targetComponentId":5,"coordinate":{"row":3,"col":40},"flow":"inward"}],"terminalValue":[{"name":"SolarPanel","id":4},{"name":"WindTurbine","id":5}],"propertyList":[{"id":11,"saveStatus":true,"$$hashKey":"object:12330","value":"16.67","selectedProp":{"name":"TurnsRatio","value":"","$$hashKey":"object:12332"}}],"attributeSave":true,"connectionRow":[{"id":11,"saveStatus":true,"$$hashKey":"object:12333","destLink":"V_out","srcName":{"coordinate":{"row":2,"col":19},"name":"CircuitBreaker","id":1,"type":"CircuitBreaker","properties":[{"name":"Cut","value":"25"}],"link":null,"namespace":"MicroGrid.OnePhase.Components.Breaker.CircuitBreaker","componentRefID":13,"$$hashKey":"object:2480","connections":[{"id":1,"ConnectionCells":[{"row":2,"col":22,"dir":"LEFT"},{"row":2,"col":21,"dir":"LEFT"},{"row":2,"col":20,"dir":"LEFT"}]},{"id":2,"ConnectionCells":[{"row":2,"col":18,"dir":"LEFT"}]}],"componentConnectedpairs":[{"id":1,"coordinate":{"row":2,"col":23},"flow":"inward"},{"id":2,"coordinate":{"row":2,"col":17},"flow":"outward"}],"terminalValue":[{}],"propertyList":[{"id":13,"saveStatus":true,"$$hashKey":"object:8532","selectedProp":{"name":"Cut","value":"20","$$hashKey":"object:1685"},"value":"25"}],"attributeSave":true,"connectionRow":[{"id":13,"saveStatus":true,"$$hashKey":"object:16909","destLink":"V_out","srcName":{"coordinate":{"row":2,"col":13},"name":"NewFeeder","id":9,"type":"NewFeeder","properties":[],"link":null,"namespace":"MicroGrid.OnePhase.Components.Transmission.NewFeeder","componentRefID":7,"connections":[{"id":8,"ConnectionCells":[{"row":2,"col":16,"dir":"LEFT"},{"row":2,"col":15,"dir":"LEFT"},{"row":2,"col":14,"dir":"LEFT"}]},{"id":9,"ConnectionCells":[{"row":2,"col":12,"dir":"LEFT"},{"row":2,"col":11,"dir":"LEFT"},{"row":2,"col":10,"dir":"LEFT"}]}],"componentConnectedpairs":[{"id":8,"coordinate":{"row":2,"col":17},"flow":"inward"},{"id":9,"coordinate":{"row":2,"col":9},"flow":"outward"}],"$$hashKey":"object:16912"},"srcLink":"V_in"}],"connectionSave":true},"srcLink":"V_in"}],"connectionSave":true},"srcLink":"V_in"}],"connectionSave":true},null,null,null,null,null,null,null,null,null,null,null,null,null,null,null,null,null,null,null,null,null,null,null,null,null,null,null,null,null],[null,null,null,null,null,null,null,null,null,{"lineCol":true,"isLine":true,"connections":[{"id":9,"targetId":9,"ConnectionCells":[{"row":2,"col":12,"dir":"LEFT"},{"row":2,"col":11,"dir":"LEFT"},{"row":2,"col":10,"dir":"LEFT"}]}],"componentConnectedpairs":[{"id":9,"targetComponentId":9,"coordinate":{"row":2,"col":13},"flow":"inward"}]},{"leftCount":1,"leftDir":"LEFT","connectedCell":true,"direction":"LEFT"},{"leftCount":1,"leftDir":"LEFT","connectedCell":true,"direction":"LEFT"},{"leftCount":1,"leftDir":"LEFT","connectedCell":true,"direction":"LEFT"},{"coordinate":{"row":2,"col":13},"name":"NewFeeder","id":9,"type":"NewFeeder","properties":[],"link":null,"namespace":"MicroGrid.OnePhase.Components.Transmission.NewFeeder","componentRefID":7,"connections":[{"id":8,"ConnectionCells":[{"row":2,"col":16,"dir":"LEFT"},{"row":2,"col":15,"dir":"LEFT"},{"row":2,"col":14,"dir":"LEFT"}]},{"id":9,"ConnectionCells":[{"row":2,"col":12,"dir":"LEFT"},{"row":2,"col":11,"dir":"LEFT"},{"row":2,"col":10,"dir":"LEFT"}]}],"componentConnectedpairs":[{"id":8,"coordinate":{"row":2,"col":17},"flow":"inward"},{"id":9,"coordinate":{"row":2,"col":9},"flow":"outward"}],"$$hashKey":"object:16912"},{"leftCount":1,"leftDir":"LEFT","connectedCell":true,"direction":"LEFT"},{"leftCount":1,"leftDir":"LEFT","connectedCell":true,"direction":"LEFT"},{"leftCount":1,"leftDir":"LEFT","connectedCell":true,"direction":"LEFT"},{"lineCol":true,"isLine":true,"connections":[{"id":2,"targetId":1,"ConnectionCells":[{"row":2,"col":18,"dir":"LEFT"}]},{"id":8,"targetId":9,"ConnectionCells":[{"row":2,"col":16,"dir":"LEFT"},{"row":2,"col":15,"dir":"LEFT"},{"row":2,"col":14,"dir":"LEFT"}]}],"componentConnectedpairs":[{"id":2,"targetComponentId":1,"coordinate":{"row":2,"col":19},"flow":"inward"},{"id":8,"targetComponentId":9,"coordinate":{"row":2,"col":13},"flow":"outward"}]},{"leftCount":1,"leftDir":"LEFT","connectedCell":true,"direction":"LEFT"},{"coordinate":{"row":2,"col":19},"name":"CircuitBreaker","id":1,"type":"CircuitBreaker","properties":[{"name":"Cut","value":"25"}],"link":null,"namespace":"MicroGrid.OnePhase.Components.Breaker.CircuitBreaker","componentRefID":13,"$$hashKey":"object:2480","connections":[{"id":1,"ConnectionCells":[{"row":2,"col":22,"dir":"LEFT"},{"row":2,"col":21,"dir":"LEFT"},{"row":2,"col":20,"dir":"LEFT"}]},{"id":2,"ConnectionCells":[{"row":2,"col":18,"dir":"LEFT"}]}],"componentConnectedpairs":[{"id":1,"coordinate":{"row":2,"col":23},"flow":"inward"},{"id":2,"coordinate":{"row":2,"col":17},"flow":"outward"}],"terminalValue":[{}],"propertyList":[{"id":13,"saveStatus":true,"$$hashKey":"object:8532","selectedProp":{"name":"Cut","value":"20","$$hashKey":"object:1685"},"value":"25"}],"attributeSave":true,"connectionRow":[{"id":13,"saveStatus":true,"$$hashKey":"object:16909","destLink":"V_out","srcName":{"coordinate":{"row":2,"col":13},"name":"NewFeeder","id":9,"type":"NewFeeder","properties":[],"link":null,"namespace":"MicroGrid.OnePhase.Components.Transmission.NewFeeder","componentRefID":7,"connections":[{"id":8,"ConnectionCells":[{"row":2,"col":16,"dir":"LEFT"},{"row":2,"col":15,"dir":"LEFT"},{"row":2,"col":14,"dir":"LEFT"}]},{"id":9,"ConnectionCells":[{"row":2,"col":12,"dir":"LEFT"},{"row":2,"col":11,"dir":"LEFT"},{"row":2,"col":10,"dir":"LEFT"}]}],"componentConnectedpairs":[{"id":8,"coordinate":{"row":2,"col":17},"flow":"inward"},{"id":9,"coordinate":{"row":2,"col":9},"flow":"outward"}],"$$hashKey":"object:16912"},"srcLink":"V_in"}],"connectionSave":true},{"leftCount":1,"leftDir":"LEFT","connectedCell":true,"direction":"LEFT"},{"leftCount":1,"leftDir":"LEFT","connectedCell":true,"direction":"LEFT"},{"leftCount":1,"leftDir":"LEFT","connectedCell":true,"direction":"LEFT"},{"lineCol":true,"isLine":true,"connections":[{"id":1,"targetId":1,"ConnectionCells":[{"row":2,"col":22,"dir":"LEFT"},{"row":2,"col":21,"dir":"LEFT"},{"row":2,"col":20,"dir":"LEFT"}]},{"id":5,"targetId":6,"ConnectionCells":[{"row":2,"col":28,"dir":"LEFT"},{"row":2,"col":27,"dir":"LEFT"},{"row":2,"col":26,"dir":"LEFT"},{"row":2,"col":25,"dir":"LEFT"},{"row":2,"col":24,"dir":"LEFT"}]}],"componentConnectedpairs":[{"id":1,"targetComponentId":1,"coordinate":{"row":2,"col":19},"flow":"outward"},{"id":5,"targetComponentId":6,"coordinate":{"row":2,"col":29},"flow":"inward"}]},{"leftCount":1,"leftDir":"LEFT","connectedCell":true,"direction":"LEFT"},{"leftCount":1,"leftDir":"LEFT","connectedCell":true,"direction":"LEFT"},{"leftCount":1,"leftDir":"LEFT","connectedCell":true,"direction":"LEFT"},{"leftCount":1,"leftDir":"LEFT","connectedCell":true,"direction":"LEFT"},{"leftCount":1,"leftDir":"LEFT","connectedCell":true,"direction":"LEFT"},{"coordinate":{"row":2,"col":29},"name":"TransformerBasic","id":6,"type":"TransformerBasic","properties":[{"name":"TurnsRatio","value":"16.67"}],"link":null,"namespace":"MicroGrid.OnePhase.Components.Transformers.TransformerBasic","componentRefID":11,"$$hashKey":"object:3517","connections":[{"id":5,"ConnectionCells":[{"row":2,"col":28,"dir":"LEFT"},{"row":2,"col":27,"dir":"LEFT"},{"row":2,"col":26,"dir":"LEFT"},{"row":2,"col":25,"dir":"LEFT"},{"row":2,"col":24,"dir":"LEFT"}]},{"id":6,"targetId":4,"ConnectionCells":[{"row":1,"col":39,"dir":"LEFT"},{"row":1,"col":38,"dir":"LEFT"},{"row":1,"col":37,"dir":"LEFT"},{"row":1,"col":36,"dir":"LEFT"},{"row":1,"col":35,"dir":"LEFT"},{"row":1,"col":34,"dir":"LEFT"},{"row":1,"col":33,"dir":"LEFT"},{"row":1,"col":32,"dir":"LEFT"},{"row":1,"col":31,"dir":"LEFT"},{"row":1,"col":30,"dir":"LEFT"},{"row":1,"col":29,"dir":"DOWN"}]},{"id":7,"targetId":5,"ConnectionCells":[{"row":3,"col":39,"dir":"LEFT"},{"row":3,"col":38,"dir":"LEFT"},{"row":3,"col":37,"dir":"LEFT"},{"row":3,"col":36,"dir":"LEFT"},{"row":3,"col":35,"dir":"LEFT"},{"row":3,"col":34,"dir":"LEFT"},{"row":3,"col":33,"dir":"LEFT"},{"row":3,"col":32,"dir":"LEFT"},{"row":3,"col":31,"dir":"LEFT"},{"row":3,"col":30,"dir":"LEFT"},{"row":3,"col":29,"dir":"UP"}]}],"componentConnectedpairs":[{"id":5,"coordinate":{"row":2,"col":23},"flow":"outward"},{"id":6,"targetComponentId":4,"coordinate":{"row":1,"col":40},"flow":"inward"},{"id":7,"targetComponentId":5,"coordinate":{"row":3,"col":40},"flow":"inward"}],"terminalValue":[{"name":"SolarPanel","id":4},{"name":"WindTurbine","id":5}],"propertyList":[{"id":11,"saveStatus":true,"$$hashKey":"object:12330","value":"16.67","selectedProp":{"name":"TurnsRatio","value":"","$$hashKey":"object:12332"}}],"attributeSave":true,"connectionRow":[{"id":11,"saveStatus":true,"$$hashKey":"object:12333","destLink":"V_out","srcName":{"coordinate":{"row":2,"col":19},"name":"CircuitBreaker","id":1,"type":"CircuitBreaker","properties":[{"name":"Cut","value":"25"}],"link":null,"namespace":"MicroGrid.OnePhase.Components.Breaker.CircuitBreaker","componentRefID":13,"$$hashKey":"object:2480","connections":[{"id":1,"ConnectionCells":[{"row":2,"col":22,"dir":"LEFT"},{"row":2,"col":21,"dir":"LEFT"},{"row":2,"col":20,"dir":"LEFT"}]},{"id":2,"ConnectionCells":[{"row":2,"col":18,"dir":"LEFT"}]}],"componentConnectedpairs":[{"id":1,"coordinate":{"row":2,"col":23},"flow":"inward"},{"id":2,"coordinate":{"row":2,"col":17},"flow":"outward"}],"terminalValue":[{}],"propertyList":[{"id":13,"saveStatus":true,"$$hashKey":"object:8532","selectedProp":{"name":"Cut","value":"20","$$hashKey":"object:1685"},"value":"25"}],"attributeSave":true,"connectionRow":[{"id":13,"saveStatus":true,"$$hashKey":"object:16909","destLink":"V_out","srcName":{"coordinate":{"row":2,"col":13},"name":"NewFeeder","id":9,"type":"NewFeeder","properties":[],"link":null,"namespace":"MicroGrid.OnePhase.Components.Transmission.NewFeeder","componentRefID":7,"connections":[{"id":8,"ConnectionCells":[{"row":2,"col":16,"dir":"LEFT"},{"row":2,"col":15,"dir":"LEFT"},{"row":2,"col":14,"dir":"LEFT"}]},{"id":9,"ConnectionCells":[{"row":2,"col":12,"dir":"LEFT"},{"row":2,"col":11,"dir":"LEFT"},{"row":2,"col":10,"dir":"LEFT"}]}],"componentConnectedpairs":[{"id":8,"coordinate":{"row":2,"col":17},"flow":"inward"},{"id":9,"coordinate":{"row":2,"col":9},"flow":"outward"}],"$$hashKey":"object:16912"},"srcLink":"V_in"}],"connectionSave":true},"srcLink":"V_in"}],"connectionSave":true},null,null,null,null,null,null,null,null,null,null,null,null,null,null,null,null,null,null,null,null,null,null,null,null,null,null,null,null,null,null,null,null,null,null,null,null,null,null,null,null],[null,{"coordinate":{"row":3,"col":1},"name":"Building_load","id":7,"type":"Building_load","properties":[],"link":null,"namespace":"MicroGrid.Examples.OnePhase.Building_load","componentRefID":14,"$$hashKey":"object:6374","terminalValue":[],"connectionRow":[{"id":14,"saveStatus":true,"$$hashKey":"object:6380","destLink":"y","srcName":{"coordinate":{"row":3,"col":5},"name":"Resistive","id":6,"type":"Resistive","properties":[],"link":null,"namespace":"MicroGrid.OnePhase.Components.Load.Resistive","componentRefID":5,"$$hashKey":"object:6371","terminalValue":[],"connectionRow":[{"id":5,"saveStatus":true,"$$hashKey":"object:6375","destLink":"v_in","srcName":{"coordinate":{"row":2,"col":12},"name":"CircuitBreaker","id":3,"type":"CircuitBreaker","properties":[{"name":"Cut","value":"20"}],"link":null,"namespace":"MicroGrid.OnePhase.Components.Breaker.CircuitBreaker","componentRefID":13,"$$hashKey":"object:1808","terminalValue":[],"propertyList":[{"id":13,"saveStatus":true,"$$hashKey":"object:1831","selectedProp":{"name":"Cut","value":"20","$$hashKey":"object:1680"},"value":"20"}],"attributeSave":true,"connections":[{"id":3,"ConnectionCells":[{"row":2,"col":16,"dir":"LEFT"},{"row":2,"col":15,"dir":"LEFT"},{"row":2,"col":14,"dir":"LEFT"},{"row":2,"col":13,"dir":"LEFT"}]},{"id":4,"ConnectionCells":[{"row":2,"col":11,"dir":"LEFT"},{"row":2,"col":10,"dir":"LEFT"}]}],"componentConnectedpairs":[{"id":3,"coordinate":{"row":2,"col":17},"flow":"inward"},{"id":4,"coordinate":{"row":2,"col":9},"flow":"outward"}]},"srcLink":"V_out"}],"connectionSave":true,"connections":[{"id":7,"ConnectionCells":[{"row":3,"col":8,"dir":"LEFT"},{"row":3,"col":7,"dir":"LEFT"},{"row":3,"col":6,"dir":"LEFT"}]},{"id":8,"targetId":7,"ConnectionCells":[{"row":3,"col":4,"dir":"LEFT"},{"row":3,"col":3,"dir":"LEFT"},{"row":3,"col":2,"dir":"LEFT"}]}],"componentConnectedpairs":[{"id":7,"coordinate":{"row":3,"col":9},"flow":"inward"},{"id":8,"targetComponentId":7,"coordinate":{"row":3,"col":1},"flow":"outward"}]},"srcLink":"y"}],"connectionSave":true,"connections":[{"id":8,"targetId":6,"ConnectionCells":[{"row":3,"col":4,"dir":"LEFT"},{"row":3,"col":3,"dir":"LEFT"},{"row":3,"col":2,"dir":"LEFT"}]}],"componentConnectedpairs":[{"id":8,"targetComponentId":6,"coordinate":{"row":3,"col":5},"flow":"inward"}]},{"leftCount":1,"leftDir":"LEFT","connectedCell":true,"direction":"LEFT"},{"leftCount":1,"leftDir":"LEFT","connectedCell":true,"direction":"LEFT"},{"leftCount":1,"leftDir":"LEFT","connectedCell":true,"direction":"LEFT"},{"coordinate":{"row":3,"col":5},"name":"Resistive","id":6,"type":"Resistive","properties":[],"link":null,"namespace":"MicroGrid.OnePhase.Components.Load.Resistive","componentRefID":5,"$$hashKey":"object:6371","terminalValue":[{}],"connectionRow":[{"id":5,"saveStatus":true,"$$hashKey":"object:16923","destLink":"v_in","srcName":{"coordinate":{"row":2,"col":13},"name":"NewFeeder","id":9,"type":"NewFeeder","properties":[],"link":null,"namespace":"MicroGrid.OnePhase.Components.Transmission.NewFeeder","componentRefID":7,"connections":[{"id":8,"ConnectionCells":[{"row":2,"col":16,"dir":"LEFT"},{"row":2,"col":15,"dir":"LEFT"},{"row":2,"col":14,"dir":"LEFT"}]},{"id":9,"ConnectionCells":[{"row":2,"col":12,"dir":"LEFT"},{"row":2,"col":11,"dir":"LEFT"},{"row":2,"col":10,"dir":"LEFT"}]}],"componentConnectedpairs":[{"id":8,"coordinate":{"row":2,"col":17},"flow":"inward"},{"id":9,"coordinate":{"row":2,"col":9},"flow":"outward"}],"$$hashKey":"object:16912"},"srcLink":"V_out"}],"connectionSave":true,"connections":[{"id":7,"ConnectionCells":[{"row":3,"col":8,"dir":"LEFT"},{"row":3,"col":7,"dir":"LEFT"},{"row":3,"col":6,"dir":"LEFT"}]},{"id":8,"targetId":7,"ConnectionCells":[{"row":3,"col":4,"dir":"LEFT"},{"row":3,"col":3,"dir":"LEFT"},{"row":3,"col":2,"dir":"LEFT"}]}],"componentConnectedpairs":[{"id":7,"coordinate":{"row":3,"col":9},"flow":"inward"},{"id":8,"targetComponentId":7,"coordinate":{"row":3,"col":1},"flow":"outward"}]},{"leftCount":1,"leftDir":"LEFT","connectedCell":true,"direction":"LEFT"},{"leftCount":1,"leftDir":"LEFT","connectedCell":true,"direction":"LEFT"},{"leftCount":1,"leftDir":"LEFT","connectedCell":true,"direction":"LEFT"},{"lineCol":true,"isLine":true,"connections":[{"id":7,"targetId":6,"ConnectionCells":[{"row":3,"col":8,"dir":"LEFT"},{"row":3,"col":7,"dir":"LEFT"},{"row":3,"col":6,"dir":"LEFT"}]}],"componentConnectedpairs":[{"id":7,"targetComponentId":6,"coordinate":{"row":3,"col":5},"flow":"outward"}]},null,null,null,null,null,null,null,{"lineCol":true,"isLine":true,"connections":[],"componentConnectedpairs":[]},{"leftCount":0,"leftDir":null,"connectedCell":true,"direction":null},{"leftCount":0,"leftDir":null,"connectedCell":true,"direction":null},{"leftCount":0,"leftDir":null,"connectedCell":true,"direction":null},{"leftCount":0,"leftDir":null,"connectedCell":true,"direction":null},{"leftCount":0,"leftDir":null,"connectedCell":true,"direction":null},{"lineCol":true,"isLine":true},null,null,null,null,null,{"leftCount":0,"leftDir":null,"connectedCell":true,"upCount":1,"upDir":"UP","direction":"UP"},{"leftCount":1,"leftDir":"LEFT","connectedCell":true,"direction":"LEFT"},{"leftCount":1,"leftDir":"LEFT","connectedCell":true,"direction":"LEFT"},{"leftCount":1,"leftDir":"LEFT","connectedCell":true,"direction":"LEFT"},{"leftCount":1,"leftDir":"LEFT","connectedCell":true,"direction":"LEFT"},{"leftCount":1,"leftDir":"LEFT","connectedCell":true,"direction":"LEFT"},{"leftCount":1,"leftDir":"LEFT","connectedCell":true,"direction":"LEFT"},{"leftCount":1,"leftDir":"LEFT","connectedCell":true,"direction":"LEFT"},{"leftCount":1,"leftDir":"LEFT","connectedCell":true,"direction":"LEFT"},{"leftCount":1,"leftDir":"LEFT","connectedCell":true,"direction":"LEFT"},{"leftCount":1,"leftDir":"LEFT","connectedCell":true,"direction":"LEFT"},{"coordinate":{"row":3,"col":40},"name":"WindTurbine","id":5,"type":"WindTurbine","properties":[{"name":"P_Capacity","value":"1000"},{"name":"P_in","value":"500"}],"link":null,"namespace":"MicroGrid.OnePhase.Sources.PowerSource","componentRefID":1,"$$hashKey":"object:3514","connections":[{"id":7,"targetId":6,"ConnectionCells":[{"row":3,"col":39,"dir":"LEFT"},{"row":3,"col":38,"dir":"LEFT"},{"row":3,"col":37,"dir":"LEFT"},{"row":3,"col":36,"dir":"LEFT"},{"row":3,"col":35,"dir":"LEFT"},{"row":3,"col":34,"dir":"LEFT"},{"row":3,"col":33,"dir":"LEFT"},{"row":3,"col":32,"dir":"LEFT"},{"row":3,"col":31,"dir":"LEFT"},{"row":3,"col":30,"dir":"LEFT"},{"row":3,"col":29,"dir":"UP"}]}],"componentConnectedpairs":[{"id":7,"targetComponentId":6,"coordinate":{"row":2,"col":29},"flow":"outward"}],"terminalValue":[],"propertyList":[{"id":1,"saveStatus":true,"$$hashKey":"object:12355","selectedProp":{"name":"P_Capacity","value":"","$$hashKey":"object:12357"},"value":"1000"},{"id":1,"saveStatus":true,"$$hashKey":"object:12359","selectedProp":{"name":"P_in","value":"","$$hashKey":"object:12358"},"value":"500"}],"attributeSave":true,"connectionRow":[{"id":1,"saveStatus":true,"$$hashKey":"object:12361","destLink":"V_out","srcName":{"coordinate":{"row":2,"col":29},"name":"TransformerBasic","id":6,"type":"TransformerBasic","properties":[{"name":"TurnsRatio","value":"16.67"}],"link":null,"namespace":"MicroGrid.OnePhase.Components.Transformers.TransformerBasic","componentRefID":11,"$$hashKey":"object:3517","connections":[{"id":5,"ConnectionCells":[{"row":2,"col":28,"dir":"LEFT"},{"row":2,"col":27,"dir":"LEFT"},{"row":2,"col":26,"dir":"LEFT"},{"row":2,"col":25,"dir":"LEFT"},{"row":2,"col":24,"dir":"LEFT"}]},{"id":6,"targetId":4,"ConnectionCells":[{"row":1,"col":39,"dir":"LEFT"},{"row":1,"col":38,"dir":"LEFT"},{"row":1,"col":37,"dir":"LEFT"},{"row":1,"col":36,"dir":"LEFT"},{"row":1,"col":35,"dir":"LEFT"},{"row":1,"col":34,"dir":"LEFT"},{"row":1,"col":33,"dir":"LEFT"},{"row":1,"col":32,"dir":"LEFT"},{"row":1,"col":31,"dir":"LEFT"},{"row":1,"col":30,"dir":"LEFT"},{"row":1,"col":29,"dir":"DOWN"}]},{"id":7,"targetId":5,"ConnectionCells":[{"row":3,"col":39,"dir":"LEFT"},{"row":3,"col":38,"dir":"LEFT"},{"row":3,"col":37,"dir":"LEFT"},{"row":3,"col":36,"dir":"LEFT"},{"row":3,"col":35,"dir":"LEFT"},{"row":3,"col":34,"dir":"LEFT"},{"row":3,"col":33,"dir":"LEFT"},{"row":3,"col":32,"dir":"LEFT"},{"row":3,"col":31,"dir":"LEFT"},{"row":3,"col":30,"dir":"LEFT"},{"row":3,"col":29,"dir":"UP"}]}],"componentConnectedpairs":[{"id":5,"coordinate":{"row":2,"col":23},"flow":"outward"},{"id":6,"targetComponentId":4,"coordinate":{"row":1,"col":40},"flow":"inward"},{"id":7,"targetComponentId":5,"coordinate":{"row":3,"col":40},"flow":"inward"}],"terminalValue":[{"name":"SolarPanel","id":4},{"name":"WindTurbine","id":5}],"propertyList":[{"id":11,"saveStatus":true,"$$hashKey":"object:12330","value":"16.67","selectedProp":{"name":"TurnsRatio","value":"","$$hashKey":"object:12332"}}],"attributeSave":true,"connectionRow":[{"id":11,"saveStatus":true,"$$hashKey":"object:12333","destLink":"V_out","srcName":{"coordinate":{"row":2,"col":19},"name":"CircuitBreaker","id":1,"type":"CircuitBreaker","properties":[{"name":"Cut","value":"25"}],"link":null,"namespace":"MicroGrid.OnePhase.Components.Breaker.CircuitBreaker","componentRefID":13,"$$hashKey":"object:2480","connections":[{"id":1,"ConnectionCells":[{"row":2,"col":22,"dir":"LEFT"},{"row":2,"col":21,"dir":"LEFT"},{"row":2,"col":20,"dir":"LEFT"}]},{"id":2,"ConnectionCells":[{"row":2,"col":18,"dir":"LEFT"}]}],"componentConnectedpairs":[{"id":1,"coordinate":{"row":2,"col":23},"flow":"inward"},{"id":2,"coordinate":{"row":2,"col":17},"flow":"outward"}],"terminalValue":[{}],"propertyList":[{"id":13,"saveStatus":true,"$$hashKey":"object:8532","selectedProp":{"name":"Cut","value":"20","$$hashKey":"object:1685"},"value":"25"}],"attributeSave":true,"connectionRow":[{"id":13,"saveStatus":true,"$$hashKey":"object:16909","destLink":"V_out","srcName":{"coordinate":{"row":2,"col":13},"name":"NewFeeder","id":9,"type":"NewFeeder","properties":[],"link":null,"namespace":"MicroGrid.OnePhase.Components.Transmission.NewFeeder","componentRefID":7,"connections":[{"id":8,"ConnectionCells":[{"row":2,"col":16,"dir":"LEFT"},{"row":2,"col":15,"dir":"LEFT"},{"row":2,"col":14,"dir":"LEFT"}]},{"id":9,"ConnectionCells":[{"row":2,"col":12,"dir":"LEFT"},{"row":2,"col":11,"dir":"LEFT"},{"row":2,"col":10,"dir":"LEFT"}]}],"componentConnectedpairs":[{"id":8,"coordinate":{"row":2,"col":17},"flow":"inward"},{"id":9,"coordinate":{"row":2,"col":9},"flow":"outward"}],"$$hashKey":"object:16912"},"srcLink":"V_in"}],"connectionSave":true},"srcLink":"V_in"}],"connectionSave":true},"srcLink":"V_in"}],"connectionSave":true},null,null,null,null,null,null,null,null,null,null,null,null,null,null,null,null,null,null,null,null,null,null,null,null,null,null,null,null,null],[null,null,null,null,null,null,null,null,null,{"lineCol":true,"isLine":true},null,null,null,{"coordinate":{"row":4,"col":13},"name":"Resistive","id":7,"type":"Resistive","properties":[],"link":null,"namespace":"MicroGrid.OnePhase.Components.Load.Resistive","componentRefID":5,"$$hashKey":"object:6024","connections":[{"id":3,"ConnectionCells":[{"row":4,"col":16,"dir":"LEFT"},{"row":4,"col":15,"dir":"LEFT"},{"row":4,"col":14,"dir":"LEFT"}]},{"id":4,"targetId":8,"ConnectionCells":[{"row":5,"col":13,"dir":"DOWN"}]}],"componentConnectedpairs":[{"id":3,"coordinate":{"row":4,"col":17},"flow":"inward"},{"id":4,"targetComponentId":8,"coordinate":{"row":6,"col":13},"flow":"outward"}],"terminalValue":[{}],"connectionRow":[{"id":5,"saveStatus":true,"$$hashKey":"object:8541","destLink":"v_in","srcName":{"coordinate":{"row":2,"col":19},"name":"CircuitBreaker","id":1,"type":"CircuitBreaker","properties":[{"name":"Cut","value":"25"}],"link":null,"namespace":"MicroGrid.OnePhase.Components.Breaker.CircuitBreaker","componentRefID":13,"$$hashKey":"object:2480","connections":[{"id":1,"ConnectionCells":[{"row":2,"col":22,"dir":"LEFT"},{"row":2,"col":21,"dir":"LEFT"},{"row":2,"col":20,"dir":"LEFT"}]},{"id":2,"ConnectionCells":[{"row":2,"col":18,"dir":"LEFT"}]}],"componentConnectedpairs":[{"id":1,"coordinate":{"row":2,"col":23},"flow":"inward"},{"id":2,"coordinate":{"row":2,"col":17},"flow":"outward"}],"terminalValue":[{}],"propertyList":[{"id":13,"saveStatus":true,"$$hashKey":"object:8532","selectedProp":{"name":"Cut","value":"20","$$hashKey":"object:1685"},"value":"25"}],"attributeSave":true,"connectionRow":[{"id":13,"saveStatus":true,"$$hashKey":"object:16909","destLink":"V_out","srcName":{"coordinate":{"row":2,"col":13},"name":"NewFeeder","id":9,"type":"NewFeeder","properties":[],"link":null,"namespace":"MicroGrid.OnePhase.Components.Transmission.NewFeeder","componentRefID":7,"connections":[{"id":8,"ConnectionCells":[{"row":2,"col":16,"dir":"LEFT"},{"row":2,"col":15,"dir":"LEFT"},{"row":2,"col":14,"dir":"LEFT"}]},{"id":9,"ConnectionCells":[{"row":2,"col":12,"dir":"LEFT"},{"row":2,"col":11,"dir":"LEFT"},{"row":2,"col":10,"dir":"LEFT"}]}],"componentConnectedpairs":[{"id":8,"coordinate":{"row":2,"col":17},"flow":"inward"},{"id":9,"coordinate":{"row":2,"col":9},"flow":"outward"}],"$$hashKey":"object:16912"},"srcLink":"V_in"}],"connectionSave":true},"srcLink":"V_out"}],"connectionSave":true},{"leftCount":1,"leftDir":"LEFT","connectedCell":true,"direction":"LEFT"},{"leftCount":1,"leftDir":"LEFT","connectedCell":true,"direction":"LEFT"},{"leftCount":1,"leftDir":"LEFT","connectedCell":true,"direction":"LEFT"},{"lineCol":true,"isLine":true,"connections":[{"id":3,"targetId":7,"ConnectionCells":[{"row":4,"col":16,"dir":"LEFT"},{"row":4,"col":15,"dir":"LEFT"},{"row":4,"col":14,"dir":"LEFT"}]}],"componentConnectedpairs":[{"id":3,"targetComponentId":7,"coordinate":{"row":4,"col":13},"flow":"outward"}]},null,null,null,null,null,{"lineCol":true,"isLine":true},null,null,null,null,null,null,null,null,null,null,null,null,null,null,null,null,null,null,null,null,null,null,null,null,null,null,null,null,null,null,null,null,null,null,null,null,null,null,null,null,null,null,null,null,null,null],[null,null,null,null,null,null,null,null,null,{"lineCol":true,"isLine":true},null,null,null,{"downCount":1,"downDir":"DOWN","connectedCell":true,"direction":"DOWN"},null,null,null,{"lineCol":true,"isLine":true},null,null,null,null,null,{"lineCol":true,"isLine":true},null,null,null,null,null,null,null,null,null,null,null,null,null,null,null,null,null,null,null,null,null,null,null,null,null,null,null,null,null,null,null,null,null,null,null,null,null,null,null,null,null,null,null,null,null,null],[null,null,null,null,null,null,null,null,null,{"lineCol":true,"isLine":true},null,null,null,{"coordinate":{"row":6,"col":13},"name":"Building_load","id":8,"type":"Building_load","properties":[],"link":null,"namespace":"MicroGrid.Examples.OnePhase.Building_load","componentRefID":14,"$$hashKey":"object:6027","connections":[{"id":4,"targetId":7,"ConnectionCells":[{"row":5,"col":13,"dir":"DOWN"}]}],"componentConnectedpairs":[{"id":4,"targetComponentId":7,"coordinate":{"row":4,"col":13},"flow":"inward"}],"terminalValue":[{"name":"Resistive","id":7}],"connectionRow":[{"id":14,"saveStatus":true,"$$hashKey":"object:8546","destLink":"y","srcName":{"coordinate":{"row":4,"col":13},"name":"Resistive","id":7,"type":"Resistive","properties":[],"link":null,"namespace":"MicroGrid.OnePhase.Components.Load.Resistive","componentRefID":5,"$$hashKey":"object:6024","connections":[{"id":3,"ConnectionCells":[{"row":4,"col":16,"dir":"LEFT"},{"row":4,"col":15,"dir":"LEFT"},{"row":4,"col":14,"dir":"LEFT"}]},{"id":4,"targetId":8,"ConnectionCells":[{"row":5,"col":13,"dir":"DOWN"}]}],"componentConnectedpairs":[{"id":3,"coordinate":{"row":4,"col":17},"flow":"inward"},{"id":4,"targetComponentId":8,"coordinate":{"row":6,"col":13},"flow":"outward"}],"terminalValue":[{}],"connectionRow":[{"id":5,"saveStatus":true,"$$hashKey":"object:8541","destLink":"v_in","srcName":{"coordinate":{"row":2,"col":19},"name":"CircuitBreaker","id":1,"type":"CircuitBreaker","properties":[{"name":"Cut","value":"25"}],"link":null,"namespace":"MicroGrid.OnePhase.Components.Breaker.CircuitBreaker","componentRefID":13,"$$hashKey":"object:2480","connections":[{"id":1,"ConnectionCells":[{"row":2,"col":22,"dir":"LEFT"},{"row":2,"col":21,"dir":"LEFT"},{"row":2,"col":20,"dir":"LEFT"}]},{"id":2,"ConnectionCells":[{"row":2,"col":18,"dir":"LEFT"}]}],"componentConnectedpairs":[{"id":1,"coordinate":{"row":2,"col":23},"flow":"inward"},{"id":2,"coordinate":{"row":2,"col":17},"flow":"outward"}],"terminalValue":[{}],"propertyList":[{"id":13,"saveStatus":true,"$$hashKey":"object:8532","selectedProp":{"name":"Cut","value":"20","$$hashKey":"object:1685"},"value":"25"}],"attributeSave":true,"connectionRow":[{"id":13,"saveStatus":true,"$$hashKey":"object:16909","destLink":"V_out","srcName":{"coordinate":{"row":2,"col":13},"name":"NewFeeder","id":9,"type":"NewFeeder","properties":[],"link":null,"namespace":"MicroGrid.OnePhase.Components.Transmission.NewFeeder","componentRefID":7,"connections":[{"id":8,"ConnectionCells":[{"row":2,"col":16,"dir":"LEFT"},{"row":2,"col":15,"dir":"LEFT"},{"row":2,"col":14,"dir":"LEFT"}]},{"id":9,"ConnectionCells":[{"row":2,"col":12,"dir":"LEFT"},{"row":2,"col":11,"dir":"LEFT"},{"row":2,"col":10,"dir":"LEFT"}]}],"componentConnectedpairs":[{"id":8,"coordinate":{"row":2,"col":17},"flow":"inward"},{"id":9,"coordinate":{"row":2,"col":9},"flow":"outward"}],"$$hashKey":"object:16912"},"srcLink":"V_in"}],"connectionSave":true},"srcLink":"V_out"}],"connectionSave":true},"srcLink":"y"}],"connectionSave":true},null,null,null,{"lineCol":true,"isLine":true},null,null,null,null,null,{"lineCol":true,"isLine":true},null,null,null,null,null,null,null,null,null,null,null,null,null,null,null,null,null,null,null,null,null,null,null,null,null,null,null,null,null,null,null,null,null,null,null,null,null,null,null,null,null,null,null,null,null,null],[null,null,null,null,null,null,null,null,null,{"lineCol":true,"isLine":true},null,null,null,null,null,null,null,{"lineCol":true,"isLine":true},null,null,null,null,null,{"lineCol":true,"isLine":true},null,null,null,null,null,null,null,null,null,null,null,null,null,null,null,null,null,null,null,null,null,null,null,null,null,null,null,null,null,null,null,null,null,null,null,null,null,null,null,null,null,null,null,null,null,null],[null,null,null,null,null,null,null,null,null,{"lineCol":true,"isLine":true},null,null,null,null,null,null,null,{"lineCol":true,"isLine":true},null,null,null,null,null,{"lineCol":true,"isLine":true},null,null,null,null,null,null,null,null,null,null,null,null,null,null,null,null,null,null,null,null,null,null,null,null,null,null,null,null,null,null,null,null,null,null,null,null,null,null,null,null,null,null,null,null,null,null],[null,null,null,null,null,null,null,null,null,{"lineCol":true,"isLine":true},null,null,null,null,null,null,null,{"lineCol":true,"isLine":true},null,null,null,null,null,{"lineCol":true,"isLine":true},null,null,null,null,null,null,null,null,null,null,null,null,null,null,null,null,null,null,null,null,null,null,null,null,null,null,null,null,null,null,null,null,null,null,null,null,null,null,null,null,null,null,null,null,null,null],[null,null,null,null,null,null,null,null,null,{"lineCol":true,"isLine":true},null,null,null,null,null,null,null,{"lineCol":true,"isLine":true},null,null,null,null,null,{"lineCol":true,"isLine":true},null,null,null,null,null,null,null,null,null,null,null,null,null,null,null,null,null,null,null,null,null,null,null,null,null,null,null,null,null,null,null,null,null,null,null,null,null,null,null,null,null,null,null,null,null,null],[null,null,null,null,null,null,null,null,null,{"lineCol":true,"isLine":true},null,null,null,null,null,null,null,{"lineCol":true,"isLine":true},null,null,null,null,null,{"lineCol":true,"isLine":true},null,null,null,null,null,null,null,null,null,null,null,null,null,null,null,null,null,null,null,null,null,null,null,null,null,null,null,null,null,null,null,null,null,null,null,null,null,null,null,null,null,null,null,null,null,null],[null,null,null,null,null,null,null,null,null,{"lineCol":true,"isLine":true},null,null,null,null,null,null,null,{"lineCol":true,"isLine":true},null,null,null,null,null,{"lineCol":true,"isLine":true},null,null,null,null,null,null,null,null,null,null,null,null,null,null,null,null,null,null,null,null,null,null,null,null,null,null,null,null,null,null,null,null,null,null,null,null,null,null,null,null,null,null,null,null,null,null],[null,null,null,null,null,null,null,null,null,{"lineCol":true,"isLine":true},null,null,null,null,null,null,null,{"lineCol":true,"isLine":true},null,null,null,null,null,{"lineCol":true,"isLine":true},null,null,null,null,null,null,null,null,null,null,null,null,null,null,null,null,null,null,null,null,null,null,null,null,null,null,null,null,null,null,null,null,null,null,null,null,null,null,null,null,null,null,null,null,null,null],[null,null,null,null,null,null,null,null,null,{"lineCol":true,"isLine":true},null,null,null,null,null,null,null,{"lineCol":true,"isLine":true},null,null,null,null,null,{"lineCol":true,"isLine":true},null,null,null,null,null,null,null,null,null,null,null,null,null,null,null,null,null,null,null,null,null,null,null,null,null,null,null,null,null,null,null,null,null,null,null,null,null,null,null,null,null,null,null,null,null,null],[null,null,null,null,null,null,null,null,null,{"lineCol":true,"isLine":true},null,null,null,null,null,null,null,{"lineCol":true,"isLine":true},null,null,null,null,null,{"lineCol":true,"isLine":true},null,null,null,null,null,null,null,null,null,null,null,null,null,null,null,null,null,null,null,null,null,null,null,null,null,null,null,null,null,null,null,null,null,null,null,null,null,null,null,null,null,null,null,null,null,null],[null,null,null,null,null,null,null,null,null,{"lineCol":true,"isLine":true},null,null,null,null,null,null,null,{"lineCol":true,"isLine":true},null,null,null,null,null,{"lineCol":true,"isLine":true},null,null,null,null,null,null,null,null,null,null,null,null,null,null,null,null,null,null,null,null,null,null,null,null,null,null,null,null,null,null,null,null,null,null,null,null,null,null,null,null,null,null,null,null,null,null],[null,null,null,null,null,null,null,null,null,{"lineCol":true,"isLine":true},null,null,null,null,null,null,null,{"lineCol":true,"isLine":true},null,null,null,null,null,{"lineCol":true,"isLine":true},null,null,null,null,null,null,null,null,null,null,null,null,null,null,null,null,null,null,null,null,null,null,null,null,null,null,null,null,null,null,null,null,null,null,null,null,null,null,null,null,null,null,null,null,null,null],[null,null,null,null,null,null,null,null,null,{"lineCol":true,"isLine":true},null,null,null,null,null,null,null,{"lineCol":true,"isLine":true},null,null,null,null,null,{"lineCol":true,"isLine":true},null,null,null,null,null,null,null,null,null,null,null,null,null,null,null,null,null,null,null,null,null,null,null,null,null,null,null,null,null,null,null,null,null,null,null,null,null,null,null,null,null,null,null,null,null,null],[null,null,null,null,null,null,null,null,null,{"lineCol":true,"isLine":true},null,null,null,null,null,null,null,{"lineCol":true,"isLine":true},null,null,null,null,null,{"lineCol":true,"isLine":true},null,null,null,null,null,null,null,null,null,null,null,null,null,null,null,null,null,null,null,null,null,null,null,null,null,null,null,null,null,null,null,null,null,null,null,null,null,null,null,null,null,null,null,null,null,null],[null,null,null,null,null,null,null,null,null,{"lineCol":true,"isLine":true},null,null,null,null,null,null,null,{"lineCol":true,"isLine":true},null,null,null,null,null,{"lineCol":true,"isLine":true},null,null,null,null,null,null,null,null,null,null,null,null,null,null,null,null,null,null,null,null,null,null,null,null,null,null,null,null,null,null,null,null,null,null,null,null,null,null,null,null,null,null,null,null,null,null],[null,null,null,null,null,null,null,null,null,{"lineCol":true,"isLine":true},null,null,null,null,null,null,null,{"lineCol":true,"isLine":true},null,null,null,null,null,{"lineCol":true,"isLine":true},null,null,null,null,null,null,null,null,null,null,null,null,null,null,null,null,null,null,null,null,null,null,null,null,null,null,null,null,null,null,null,null,null,null,null,null,null,null,null,null,null,null,null,null,null,null],[null,null,null,null,null,null,null,null,null,{"lineCol":true,"isLine":true},null,null,null,null,null,null,null,{"lineCol":true,"isLine":true},null,null,null,null,null,{"lineCol":true,"isLine":true},null,null,null,null,null,null,null,null,null,null,null,null,null,null,null,null,null,null,null,null,null,null,null,null,null,null,null,null,null,null,null,null,null,null,null,null,null,null,null,null,null,null,null,null,null,null],[null,null,null,null,null,null,null,null,null,{"lineCol":true,"isLine":true},null,null,null,null,null,null,null,{"lineCol":true,"isLine":true},null,null,null,null,null,{"lineCol":true,"isLine":true},null,null,null,null,null,null,null,null,null,null,null,null,null,null,null,null,null,null,null,null,null,null,null,null,null,null,null,null,null,null,null,null,null,null,null,null,null,null,null,null,null,null,null,null,null,null],[null,null,null,null,null,null,null,null,null,{"lineCol":true,"isLine":true},null,null,null,null,null,null,null,{"lineCol":true,"isLine":true},null,null,null,null,null,{"lineCol":true,"isLine":true},null,null,null,null,null,null,null,null,null,null,null,null,null,null,null,null,null,null,null,null,null,null,null,null,null,null,null,null,null,null,null,null,null,null,null,null,null,null,null,null,null,null,null,null,null,null]],"context":{"undo":[{"type":"COMPONENT","coordinate":{"row":1,"col":24}},{"type":"COMPONENT","coordinate":{"row":3,"col":24}},{"type":"COMPONENT","coordinate":{"row":2,"col":12}},{"type":"COMPONENT","coordinate":{"row":1,"col":5}},{"type":"COMPONENT","coordinate":{"row":1,"col":1}},{"type":"CONNECTOR","coordinate":[{"row":1,"col":23,"dir":"LEFT"},{"row":1,"col":22,"dir":"LEFT"},{"row":1,"col":21,"dir":"LEFT"},{"row":1,"col":20,"dir":"LEFT"},{"row":1,"col":19,"dir":"LEFT"},{"row":1,"col":18,"dir":"LEFT"}]},{"type":"CONNECTOR","coordinate":[{"row":3,"col":23,"dir":"LEFT"},{"row":3,"col":22,"dir":"LEFT"},{"row":3,"col":21,"dir":"LEFT"},{"row":3,"col":20,"dir":"LEFT"},{"row":3,"col":19,"dir":"LEFT"},{"row":3,"col":18,"dir":"LEFT"}]},{"type":"CONNECTOR","coordinate":[{"row":2,"col":16,"dir":"LEFT"},{"row":2,"col":15,"dir":"LEFT"},{"row":2,"col":14,"dir":"LEFT"},{"row":2,"col":13,"dir":"LEFT"}]},{"type":"CONNECTOR","coordinate":[{"row":2,"col":11,"dir":"LEFT"},{"row":2,"col":10,"dir":"LEFT"}]},{"type":"CONNECTOR","coordinate":[{"row":1,"col":8,"dir":"LEFT"},{"row":1,"col":7,"dir":"LEFT"},{"row":1,"col":6,"dir":"LEFT"}]},{"type":"CONNECTOR","coordinate":[{"row":1,"col":4,"dir":"LEFT"},{"row":1,"col":3,"dir":"LEFT"},{"row":1,"col":2,"dir":"LEFT"}]},{"type":"COMPONENT","coordinate":{"row":3,"col":5}},{"type":"COMPONENT","coordinate":{"row":3,"col":1}},{"type":"CONNECTOR","coordinate":[{"row":3,"col":8,"dir":"LEFT"},{"row":3,"col":7,"dir":"LEFT"},{"row":3,"col":6,"dir":"LEFT"}]},{"type":"CONNECTOR","coordinate":[{"row":3,"col":4,"dir":"LEFT"},{"row":3,"col":3,"dir":"LEFT"},{"row":3,"col":2,"dir":"LEFT"}]},{"type":"COMPONENT","coordinate":{"row":2,"col":19}},{"type":"COMPONENT","coordinate":{"row":1,"col":27}},{"type":"COMPONENT","coordinate":{"row":1,"col":27}},{"type":"COMPONENT","coordinate":{"row":1,"col":40}},{"type":"COMPONENT","coordinate":{"row":3,"col":40}},{"type":"COMPONENT","coordinate":{"row":2,"col":29}},{"type":"CONNECTOR","coordinate":[{"row":2,"col":22,"dir":"LEFT"},{"row":2,"col":21,"dir":"LEFT"},{"row":2,"col":20,"dir":"LEFT"}]},{"type":"CONNECTOR","coordinate":[{"row":2,"col":18,"dir":"LEFT"}]},{"type":"COMPONENT","coordinate":{"row":4,"col":13}},{"type":"COMPONENT","coordinate":{"row":6,"col":13}},{"type":"CONNECTOR","coordinate":[{"row":4,"col":16,"dir":"LEFT"},{"row":4,"col":15,"dir":"LEFT"},{"row":4,"col":14,"dir":"LEFT"}]},{"type":"CONNECTOR","coordinate":[{"row":5,"col":13,"dir":"DOWN"}]},{"type":"CONNECTOR","coordinate":[{"row":2,"col":28,"dir":"LEFT"},{"row":2,"col":27,"dir":"LEFT"},{"row":2,"col":26,"dir":"LEFT"},{"row":2,"col":25,"dir":"LEFT"},{"row":2,"col":24,"dir":"LEFT"}]},{"type":"CONNECTOR","coordinate":[{"row":1,"col":39,"dir":"LEFT"},{"row":1,"col":38,"dir":"LEFT"},{"row":1,"col":37,"dir":"LEFT"},{"row":1,"col":36,"dir":"LEFT"},{"row":1,"col":35,"dir":"LEFT"},{"row":1,"col":34,"dir":"LEFT"},{"row":1,"col":33,"dir":"LEFT"},{"row":1,"col":32,"dir":"LEFT"},{"row":1,"col":31,"dir":"LEFT"},{"row":1,"col":30,"dir":"LEFT"},{"row":1,"col":29,"dir":"DOWN"}]},{"type":"CONNECTOR","coordinate":[{"row":3,"col":39,"dir":"LEFT"},{"row":3,"col":38,"dir":"LEFT"},{"row":3,"col":37,"dir":"LEFT"},{"row":3,"col":36,"dir":"LEFT"},{"row":3,"col":35,"dir":"LEFT"},{"row":3,"col":34,"dir":"LEFT"},{"row":3,"col":33,"dir":"LEFT"},{"row":3,"col":32,"dir":"LEFT"},{"row":3,"col":31,"dir":"LEFT"},{"row":3,"col":30,"dir":"LEFT"},{"row":3,"col":29,"dir":"UP"}]},{"type":"COMPONENT","coordinate":{"row":2,"col":13}},{"type":"CONNECTOR","coordinate":[{"row":2,"col":16,"dir":"LEFT"},{"row":2,"col":15,"dir":"LEFT"},{"row":2,"col":14,"dir":"LEFT"}]},{"type":"CONNECTOR","coordinate":[{"row":2,"col":12,"dir":"LEFT"},{"row":2,"col":11,"dir":"LEFT"},{"row":2,"col":10,"dir":"LEFT"}]}],"designSchema":{"component":[{"$$hashKey":"object:2479"},{"$$hashKey":"object:3504"},{"$$hashKey":"object:16911"},{"coordinate":{"row":1,"col":5},"name":"Resistive","id":4,"type":"Resistive","properties":[],"link":null,"namespace":"MicroGrid.OnePhase.Components.Load.Resistive","componentRefID":5,"$$hashKey":"object:1809","terminalValue":[],"connectionRow":[{"id":5,"saveStatus":true,"$$hashKey":"object:1835","destLink":"v_in","srcName":{"coordinate":{"row":2,"col":12},"name":"CircuitBreaker","id":3,"type":"CircuitBreaker","properties":[{"name":"Cut","value":"20"}],"link":null,"namespace":"MicroGrid.OnePhase.Components.Breaker.CircuitBreaker","componentRefID":13,"$$hashKey":"object:1808","terminalValue":[],"propertyList":[{"id":13,"saveStatus":true,"$$hashKey":"object:1831","selectedProp":{"name":"Cut","value":"20","$$hashKey":"object:1680"},"value":"20"}],"attributeSave":true,"connections":[{"id":3,"ConnectionCells":[{"row":2,"col":16,"dir":"LEFT"},{"row":2,"col":15,"dir":"LEFT"},{"row":2,"col":14,"dir":"LEFT"},{"row":2,"col":13,"dir":"LEFT"}]},{"id":4,"ConnectionCells":[{"row":2,"col":11,"dir":"LEFT"},{"row":2,"col":10,"dir":"LEFT"}]}],"componentConnectedpairs":[{"id":3,"coordinate":{"row":2,"col":17},"flow":"inward"},{"id":4,"coordinate":{"row":2,"col":9},"flow":"outward"}]},"srcLink":"V_out"}],"connectionSave":true,"connections":[{"id":5,"ConnectionCells":[{"row":1,"col":8,"dir":"LEFT"},{"row":1,"col":7,"dir":"LEFT"},{"row":1,"col":6,"dir":"LEFT"}]},{"id":6,"targetId":5,"ConnectionCells":[{"row":1,"col":4,"dir":"LEFT"},{"row":1,"col":3,"dir":"LEFT"},{"row":1,"col":2,"dir":"LEFT"}]}],"componentConnectedpairs":[{"id":5,"coordinate":{"row":1,"col":9},"flow":"inward"},{"id":6,"targetComponentId":5,"coordinate":{"row":1,"col":1},"flow":"outward"}]},{"coordinate":{"row":1,"col":1},"name":"Building_load","id":5,"type":"Building_load","properties":[],"link":null,"namespace":"MicroGrid.Examples.OnePhase.Building_load","componentRefID":14,"$$hashKey":"object:1810","terminalValue":[],"connectionRow":[{"id":14,"saveStatus":true,"$$hashKey":"object:1840","destLink":"y","srcName":{"coordinate":{"row":1,"col":5},"name":"Resistive","id":4,"type":"Resistive","properties":[],"link":null,"namespace":"MicroGrid.OnePhase.Components.Load.Resistive","componentRefID":5,"$$hashKey":"object:1809","terminalValue":[],"connectionRow":[{"id":5,"saveStatus":true,"$$hashKey":"object:1835","destLink":"v_in","srcName":{"coordinate":{"row":2,"col":12},"name":"CircuitBreaker","id":3,"type":"CircuitBreaker","properties":[{"name":"Cut","value":"20"}],"link":null,"namespace":"MicroGrid.OnePhase.Components.Breaker.CircuitBreaker","componentRefID":13,"$$hashKey":"object:1808","terminalValue":[],"propertyList":[{"id":13,"saveStatus":true,"$$hashKey":"object:1831","selectedProp":{"name":"Cut","value":"20","$$hashKey":"object:1680"},"value":"20"}],"attributeSave":true,"connections":[{"id":3,"ConnectionCells":[{"row":2,"col":16,"dir":"LEFT"},{"row":2,"col":15,"dir":"LEFT"},{"row":2,"col":14,"dir":"LEFT"},{"row":2,"col":13,"dir":"LEFT"}]},{"id":4,"ConnectionCells":[{"row":2,"col":11,"dir":"LEFT"},{"row":2,"col":10,"dir":"LEFT"}]}],"componentConnectedpairs":[{"id":3,"coordinate":{"row":2,"col":17},"flow":"inward"},{"id":4,"coordinate":{"row":2,"col":9},"flow":"outward"}]},"srcLink":"V_out"}],"connectionSave":true,"connections":[{"id":5,"ConnectionCells":[{"row":1,"col":8,"dir":"LEFT"},{"row":1,"col":7,"dir":"LEFT"},{"row":1,"col":6,"dir":"LEFT"}]},{"id":6,"targetId":5,"ConnectionCells":[{"row":1,"col":4,"dir":"LEFT"},{"row":1,"col":3,"dir":"LEFT"},{"row":1,"col":2,"dir":"LEFT"}]}],"componentConnectedpairs":[{"id":5,"coordinate":{"row":1,"col":9},"flow":"inward"},{"id":6,"targetComponentId":5,"coordinate":{"row":1,"col":1},"flow":"outward"}]},"srcLink":"y"}],"connectionSave":true,"connections":[{"id":6,"targetId":4,"ConnectionCells":[{"row":1,"col":4,"dir":"LEFT"},{"row":1,"col":3,"dir":"LEFT"},{"row":1,"col":2,"dir":"LEFT"}]}],"componentConnectedpairs":[{"id":6,"targetComponentId":4,"coordinate":{"row":1,"col":5},"flow":"inward"}]},{"coordinate":{"row":3,"col":5},"name":"Resistive","id":6,"type":"Resistive","properties":[],"link":null,"namespace":"MicroGrid.OnePhase.Components.Load.Resistive","componentRefID":5,"$$hashKey":"object:6371","terminalValue":[],"connectionRow":[{"id":5,"saveStatus":true,"$$hashKey":"object:6375","destLink":"v_in","srcName":{"coordinate":{"row":2,"col":12},"name":"CircuitBreaker","id":3,"type":"CircuitBreaker","properties":[{"name":"Cut","value":"20"}],"link":null,"namespace":"MicroGrid.OnePhase.Components.Breaker.CircuitBreaker","componentRefID":13,"$$hashKey":"object:1808","terminalValue":[],"propertyList":[{"id":13,"saveStatus":true,"$$hashKey":"object:1831","selectedProp":{"name":"Cut","value":"20","$$hashKey":"object:1680"},"value":"20"}],"attributeSave":true,"connections":[{"id":3,"ConnectionCells":[{"row":2,"col":16,"dir":"LEFT"},{"row":2,"col":15,"dir":"LEFT"},{"row":2,"col":14,"dir":"LEFT"},{"row":2,"col":13,"dir":"LEFT"}]},{"id":4,"ConnectionCells":[{"row":2,"col":11,"dir":"LEFT"},{"row":2,"col":10,"dir":"LEFT"}]}],"componentConnectedpairs":[{"id":3,"coordinate":{"row":2,"col":17},"flow":"inward"},{"id":4,"coordinate":{"row":2,"col":9},"flow":"outward"}]},"srcLink":"V_out"}],"connectionSave":true,"connections":[{"id":7,"ConnectionCells":[{"row":3,"col":8,"dir":"LEFT"},{"row":3,"col":7,"dir":"LEFT"},{"row":3,"col":6,"dir":"LEFT"}]},{"id":8,"targetId":7,"ConnectionCells":[{"row":3,"col":4,"dir":"LEFT"},{"row":3,"col":3,"dir":"LEFT"},{"row":3,"col":2,"dir":"LEFT"}]}],"componentConnectedpairs":[{"id":7,"coordinate":{"row":3,"col":9},"flow":"inward"},{"id":8,"targetComponentId":7,"coordinate":{"row":3,"col":1},"flow":"outward"}]},{"coordinate":{"row":3,"col":1},"name":"Building_load","id":7,"type":"Building_load","properties":[],"link":null,"namespace":"MicroGrid.Examples.OnePhase.Building_load","componentRefID":14,"$$hashKey":"object:6374","terminalValue":[],"connectionRow":[{"id":14,"saveStatus":true,"$$hashKey":"object:6380","destLink":"y","srcName":{"coordinate":{"row":3,"col":5},"name":"Resistive","id":6,"type":"Resistive","properties":[],"link":null,"namespace":"MicroGrid.OnePhase.Components.Load.Resistive","componentRefID":5,"$$hashKey":"object:6371","terminalValue":[],"connectionRow":[{"id":5,"saveStatus":true,"$$hashKey":"object:6375","destLink":"v_in","srcName":{"coordinate":{"row":2,"col":12},"name":"CircuitBreaker","id":3,"type":"CircuitBreaker","properties":[{"name":"Cut","value":"20"}],"link":null,"namespace":"MicroGrid.OnePhase.Components.Breaker.CircuitBreaker","componentRefID":13,"$$hashKey":"object:1808","terminalValue":[],"propertyList":[{"id":13,"saveStatus":true,"$$hashKey":"object:1831","selectedProp":{"name":"Cut","value":"20","$$hashKey":"object:1680"},"value":"20"}],"attributeSave":true,"connections":[{"id":3,"ConnectionCells":[{"row":2,"col":16,"dir":"LEFT"},{"row":2,"col":15,"dir":"LEFT"},{"row":2,"col":14,"dir":"LEFT"},{"row":2,"col":13,"dir":"LEFT"}]},{"id":4,"ConnectionCells":[{"row":2,"col":11,"dir":"LEFT"},{"row":2,"col":10,"dir":"LEFT"}]}],"componentConnectedpairs":[{"id":3,"coordinate":{"row":2,"col":17},"flow":"inward"},{"id":4,"coordinate":{"row":2,"col":9},"flow":"outward"}]},"srcLink":"V_out"}],"connectionSave":true,"connections":[{"id":7,"ConnectionCells":[{"row":3,"col":8,"dir":"LEFT"},{"row":3,"col":7,"dir":"LEFT"},{"row":3,"col":6,"dir":"LEFT"}]},{"id":8,"targetId":7,"ConnectionCells":[{"row":3,"col":4,"dir":"LEFT"},{"row":3,"col":3,"dir":"LEFT"},{"row":3,"col":2,"dir":"LEFT"}]}],"componentConnectedpairs":[{"id":7,"coordinate":{"row":3,"col":9},"flow":"inward"},{"id":8,"targetComponentId":7,"coordinate":{"row":3,"col":1},"flow":"outward"}]},"srcLink":"y"}],"connectionSave":true,"connections":[{"id":8,"targetId":6,"ConnectionCells":[{"row":3,"col":4,"dir":"LEFT"},{"row":3,"col":3,"dir":"LEFT"},{"row":3,"col":2,"dir":"LEFT"}]}],"componentConnectedpairs":[{"id":8,"targetComponentId":6,"coordinate":{"row":3,"col":5},"flow":"inward"}]},{"coordinate":{"row":2,"col":19},"name":"CircuitBreaker","id":1,"type":"CircuitBreaker","properties":[{"name":"Cut","value":"25"}],"link":null,"namespace":"MicroGrid.OnePhase.Components.Breaker.CircuitBreaker","componentRefID":13,"$$hashKey":"object:2480","connections":[{"id":1,"ConnectionCells":[{"row":2,"col":22,"dir":"LEFT"},{"row":2,"col":21,"dir":"LEFT"},{"row":2,"col":20,"dir":"LEFT"}]},{"id":2,"ConnectionCells":[{"row":2,"col":18,"dir":"LEFT"}]}],"componentConnectedpairs":[{"id":1,"coordinate":{"row":2,"col":23},"flow":"inward"},{"id":2,"coordinate":{"row":2,"col":17},"flow":"outward"}],"terminalValue":[{}],"propertyList":[{"id":13,"saveStatus":true,"$$hashKey":"object:8532","selectedProp":{"name":"Cut","value":"20","$$hashKey":"object:1685"},"value":"25"}],"attributeSave":true,"connectionRow":[{"id":13,"saveStatus":true,"$$hashKey":"object:16909","destLink":"V_out","srcName":{"coordinate":{"row":2,"col":13},"name":"NewFeeder","id":9,"type":"NewFeeder","properties":[],"link":null,"namespace":"MicroGrid.OnePhase.Components.Transmission.NewFeeder","componentRefID":7,"connections":[{"id":8,"ConnectionCells":[{"row":2,"col":16,"dir":"LEFT"},{"row":2,"col":15,"dir":"LEFT"},{"row":2,"col":14,"dir":"LEFT"}]},{"id":9,"ConnectionCells":[{"row":2,"col":12,"dir":"LEFT"},{"row":2,"col":11,"dir":"LEFT"},{"row":2,"col":10,"dir":"LEFT"}]}],"componentConnectedpairs":[{"id":8,"coordinate":{"row":2,"col":17},"flow":"inward"},{"id":9,"coordinate":{"row":2,"col":9},"flow":"outward"}],"$$hashKey":"object:16912"},"srcLink":"V_in"}],"connectionSave":true},{"coordinate":{"row":1,"col":27},"name":"SolarPanel","id":2,"type":"SolarPanel","properties":[],"link":null,"namespace":"MicroGrid.OnePhase.Sources.PowerSource","componentRefID":0,"$$hashKey":"object:3503"},{"coordinate":{"row":1,"col":27},"name":"TransformerBasic","id":3,"type":"TransformerBasic","properties":[],"link":null,"namespace":"MicroGrid.OnePhase.Components.Transformers.TransformerBasic","componentRefID":11,"$$hashKey":"object:3507"},{"coordinate":{"row":1,"col":40},"name":"SolarPanel","id":4,"type":"SolarPanel","properties":[{"name":"P_Capacity","value":"1000"},{"name":"P_Capacity","value":"500"}],"link":null,"namespace":"MicroGrid.OnePhase.Sources.PowerSource","componentRefID":0,"$$hashKey":"object:3511","connections":[{"id":6,"targetId":6,"ConnectionCells":[{"row":1,"col":39,"dir":"LEFT"},{"row":1,"col":38,"dir":"LEFT"},{"row":1,"col":37,"dir":"LEFT"},{"row":1,"col":36,"dir":"LEFT"},{"row":1,"col":35,"dir":"LEFT"},{"row":1,"col":34,"dir":"LEFT"},{"row":1,"col":33,"dir":"LEFT"},{"row":1,"col":32,"dir":"LEFT"},{"row":1,"col":31,"dir":"LEFT"},{"row":1,"col":30,"dir":"LEFT"},{"row":1,"col":29,"dir":"DOWN"}]}],"componentConnectedpairs":[{"id":6,"targetComponentId":6,"coordinate":{"row":2,"col":29},"flow":"outward"}],"terminalValue":[],"propertyList":[{"id":0,"saveStatus":true,"$$hashKey":"object:12340","selectedProp":{"name":"P_Capacity","value":"","$$hashKey":"object:12342"},"value":"1000"},{"id":0,"saveStatus":true,"$$hashKey":"object:12344","selectedProp":{"name":"P_Capacity","value":"","$$hashKey":"object:12342"},"value":"500"}],"attributeSave":true,"connectionRow":[{"id":0,"saveStatus":true,"$$hashKey":"object:12346","destLink":"V_out","srcName":{"coordinate":{"row":2,"col":29},"name":"TransformerBasic","id":6,"type":"TransformerBasic","properties":[{"name":"TurnsRatio","value":"16.67"}],"link":null,"namespace":"MicroGrid.OnePhase.Components.Transformers.TransformerBasic","componentRefID":11,"$$hashKey":"object:3517","connections":[{"id":5,"ConnectionCells":[{"row":2,"col":28,"dir":"LEFT"},{"row":2,"col":27,"dir":"LEFT"},{"row":2,"col":26,"dir":"LEFT"},{"row":2,"col":25,"dir":"LEFT"},{"row":2,"col":24,"dir":"LEFT"}]},{"id":6,"targetId":4,"ConnectionCells":[{"row":1,"col":39,"dir":"LEFT"},{"row":1,"col":38,"dir":"LEFT"},{"row":1,"col":37,"dir":"LEFT"},{"row":1,"col":36,"dir":"LEFT"},{"row":1,"col":35,"dir":"LEFT"},{"row":1,"col":34,"dir":"LEFT"},{"row":1,"col":33,"dir":"LEFT"},{"row":1,"col":32,"dir":"LEFT"},{"row":1,"col":31,"dir":"LEFT"},{"row":1,"col":30,"dir":"LEFT"},{"row":1,"col":29,"dir":"DOWN"}]},{"id":7,"targetId":5,"ConnectionCells":[{"row":3,"col":39,"dir":"LEFT"},{"row":3,"col":38,"dir":"LEFT"},{"row":3,"col":37,"dir":"LEFT"},{"row":3,"col":36,"dir":"LEFT"},{"row":3,"col":35,"dir":"LEFT"},{"row":3,"col":34,"dir":"LEFT"},{"row":3,"col":33,"dir":"LEFT"},{"row":3,"col":32,"dir":"LEFT"},{"row":3,"col":31,"dir":"LEFT"},{"row":3,"col":30,"dir":"LEFT"},{"row":3,"col":29,"dir":"UP"}]}],"componentConnectedpairs":[{"id":5,"coordinate":{"row":2,"col":23},"flow":"outward"},{"id":6,"targetComponentId":4,"coordinate":{"row":1,"col":40},"flow":"inward"},{"id":7,"targetComponentId":5,"coordinate":{"row":3,"col":40},"flow":"inward"}],"terminalValue":[{"name":"SolarPanel","id":4},{"name":"WindTurbine","id":5}],"propertyList":[{"id":11,"saveStatus":true,"$$hashKey":"object:12330","value":"16.67","selectedProp":{"name":"TurnsRatio","value":"","$$hashKey":"object:12332"}}],"attributeSave":true,"connectionRow":[{"id":11,"saveStatus":true,"$$hashKey":"object:12333","destLink":"V_out","srcName":{"coordinate":{"row":2,"col":19},"name":"CircuitBreaker","id":1,"type":"CircuitBreaker","properties":[{"name":"Cut","value":"25"}],"link":null,"namespace":"MicroGrid.OnePhase.Components.Breaker.CircuitBreaker","componentRefID":13,"$$hashKey":"object:2480","connections":[{"id":1,"ConnectionCells":[{"row":2,"col":22,"dir":"LEFT"},{"row":2,"col":21,"dir":"LEFT"},{"row":2,"col":20,"dir":"LEFT"}]},{"id":2,"ConnectionCells":[{"row":2,"col":18,"dir":"LEFT"}]}],"componentConnectedpairs":[{"id":1,"coordinate":{"row":2,"col":23},"flow":"inward"},{"id":2,"coordinate":{"row":2,"col":17},"flow":"outward"}],"terminalValue":[{}],"propertyList":[{"id":13,"saveStatus":true,"$$hashKey":"object:8532","selectedProp":{"name":"Cut","value":"20","$$hashKey":"object:1685"},"value":"25"}],"attributeSave":true,"connectionRow":[{"id":13,"saveStatus":true,"$$hashKey":"object:16909","destLink":"V_out","srcName":{"coordinate":{"row":2,"col":13},"name":"NewFeeder","id":9,"type":"NewFeeder","properties":[],"link":null,"namespace":"MicroGrid.OnePhase.Components.Transmission.NewFeeder","componentRefID":7,"connections":[{"id":8,"ConnectionCells":[{"row":2,"col":16,"dir":"LEFT"},{"row":2,"col":15,"dir":"LEFT"},{"row":2,"col":14,"dir":"LEFT"}]},{"id":9,"ConnectionCells":[{"row":2,"col":12,"dir":"LEFT"},{"row":2,"col":11,"dir":"LEFT"},{"row":2,"col":10,"dir":"LEFT"}]}],"componentConnectedpairs":[{"id":8,"coordinate":{"row":2,"col":17},"flow":"inward"},{"id":9,"coordinate":{"row":2,"col":9},"flow":"outward"}],"$$hashKey":"object:16912"},"srcLink":"V_in"}],"connectionSave":true},"srcLink":"V_in"}],"connectionSave":true},"srcLink":"V_in"}],"connectionSave":true},{"coordinate":{"row":3,"col":40},"name":"WindTurbine","id":5,"type":"WindTurbine","properties":[{"name":"P_Capacity","value":"1000"},{"name":"P_in","value":"500"}],"link":null,"namespace":"MicroGrid.OnePhase.Sources.PowerSource","componentRefID":1,"$$hashKey":"object:3514","connections":[{"id":7,"targetId":6,"ConnectionCells":[{"row":3,"col":39,"dir":"LEFT"},{"row":3,"col":38,"dir":"LEFT"},{"row":3,"col":37,"dir":"LEFT"},{"row":3,"col":36,"dir":"LEFT"},{"row":3,"col":35,"dir":"LEFT"},{"row":3,"col":34,"dir":"LEFT"},{"row":3,"col":33,"dir":"LEFT"},{"row":3,"col":32,"dir":"LEFT"},{"row":3,"col":31,"dir":"LEFT"},{"row":3,"col":30,"dir":"LEFT"},{"row":3,"col":29,"dir":"UP"}]}],"componentConnectedpairs":[{"id":7,"targetComponentId":6,"coordinate":{"row":2,"col":29},"flow":"outward"}],"terminalValue":[],"propertyList":[{"id":1,"saveStatus":true,"$$hashKey":"object:12355","selectedProp":{"name":"P_Capacity","value":"","$$hashKey":"object:12357"},"value":"1000"},{"id":1,"saveStatus":true,"$$hashKey":"object:12359","selectedProp":{"name":"P_in","value":"","$$hashKey":"object:12358"},"value":"500"}],"attributeSave":true,"connectionRow":[{"id":1,"saveStatus":true,"$$hashKey":"object:12361","destLink":"V_out","srcName":{"coordinate":{"row":2,"col":29},"name":"TransformerBasic","id":6,"type":"TransformerBasic","properties":[{"name":"TurnsRatio","value":"16.67"}],"link":null,"namespace":"MicroGrid.OnePhase.Components.Transformers.TransformerBasic","componentRefID":11,"$$hashKey":"object:3517","connections":[{"id":5,"ConnectionCells":[{"row":2,"col":28,"dir":"LEFT"},{"row":2,"col":27,"dir":"LEFT"},{"row":2,"col":26,"dir":"LEFT"},{"row":2,"col":25,"dir":"LEFT"},{"row":2,"col":24,"dir":"LEFT"}]},{"id":6,"targetId":4,"ConnectionCells":[{"row":1,"col":39,"dir":"LEFT"},{"row":1,"col":38,"dir":"LEFT"},{"row":1,"col":37,"dir":"LEFT"},{"row":1,"col":36,"dir":"LEFT"},{"row":1,"col":35,"dir":"LEFT"},{"row":1,"col":34,"dir":"LEFT"},{"row":1,"col":33,"dir":"LEFT"},{"row":1,"col":32,"dir":"LEFT"},{"row":1,"col":31,"dir":"LEFT"},{"row":1,"col":30,"dir":"LEFT"},{"row":1,"col":29,"dir":"DOWN"}]},{"id":7,"targetId":5,"ConnectionCells":[{"row":3,"col":39,"dir":"LEFT"},{"row":3,"col":38,"dir":"LEFT"},{"row":3,"col":37,"dir":"LEFT"},{"row":3,"col":36,"dir":"LEFT"},{"row":3,"col":35,"dir":"LEFT"},{"row":3,"col":34,"dir":"LEFT"},{"row":3,"col":33,"dir":"LEFT"},{"row":3,"col":32,"dir":"LEFT"},{"row":3,"col":31,"dir":"LEFT"},{"row":3,"col":30,"dir":"LEFT"},{"row":3,"col":29,"dir":"UP"}]}],"componentConnectedpairs":[{"id":5,"coordinate":{"row":2,"col":23},"flow":"outward"},{"id":6,"targetComponentId":4,"coordinate":{"row":1,"col":40},"flow":"inward"},{"id":7,"targetComponentId":5,"coordinate":{"row":3,"col":40},"flow":"inward"}],"terminalValue":[{"name":"SolarPanel","id":4},{"name":"WindTurbine","id":5}],"propertyList":[{"id":11,"saveStatus":true,"$$hashKey":"object:12330","value":"16.67","selectedProp":{"name":"TurnsRatio","value":"","$$hashKey":"object:12332"}}],"attributeSave":true,"connectionRow":[{"id":11,"saveStatus":true,"$$hashKey":"object:12333","destLink":"V_out","srcName":{"coordinate":{"row":2,"col":19},"name":"CircuitBreaker","id":1,"type":"CircuitBreaker","properties":[{"name":"Cut","value":"25"}],"link":null,"namespace":"MicroGrid.OnePhase.Components.Breaker.CircuitBreaker","componentRefID":13,"$$hashKey":"object:2480","connections":[{"id":1,"ConnectionCells":[{"row":2,"col":22,"dir":"LEFT"},{"row":2,"col":21,"dir":"LEFT"},{"row":2,"col":20,"dir":"LEFT"}]},{"id":2,"ConnectionCells":[{"row":2,"col":18,"dir":"LEFT"}]}],"componentConnectedpairs":[{"id":1,"coordinate":{"row":2,"col":23},"flow":"inward"},{"id":2,"coordinate":{"row":2,"col":17},"flow":"outward"}],"terminalValue":[{}],"propertyList":[{"id":13,"saveStatus":true,"$$hashKey":"object:8532","selectedProp":{"name":"Cut","value":"20","$$hashKey":"object:1685"},"value":"25"}],"attributeSave":true,"connectionRow":[{"id":13,"saveStatus":true,"$$hashKey":"object:16909","destLink":"V_out","srcName":{"coordinate":{"row":2,"col":13},"name":"NewFeeder","id":9,"type":"NewFeeder","properties":[],"link":null,"namespace":"MicroGrid.OnePhase.Components.Transmission.NewFeeder","componentRefID":7,"connections":[{"id":8,"ConnectionCells":[{"row":2,"col":16,"dir":"LEFT"},{"row":2,"col":15,"dir":"LEFT"},{"row":2,"col":14,"dir":"LEFT"}]},{"id":9,"ConnectionCells":[{"row":2,"col":12,"dir":"LEFT"},{"row":2,"col":11,"dir":"LEFT"},{"row":2,"col":10,"dir":"LEFT"}]}],"componentConnectedpairs":[{"id":8,"coordinate":{"row":2,"col":17},"flow":"inward"},{"id":9,"coordinate":{"row":2,"col":9},"flow":"outward"}],"$$hashKey":"object:16912"},"srcLink":"V_in"}],"connectionSave":true},"srcLink":"V_in"}],"connectionSave":true},"srcLink":"V_in"}],"connectionSave":true},{"coordinate":{"row":2,"col":29},"name":"TransformerBasic","id":6,"type":"TransformerBasic","properties":[{"name":"TurnsRatio","value":"16.67"}],"link":null,"namespace":"MicroGrid.OnePhase.Components.Transformers.TransformerBasic","componentRefID":11,"$$hashKey":"object:3517","connections":[{"id":5,"ConnectionCells":[{"row":2,"col":28,"dir":"LEFT"},{"row":2,"col":27,"dir":"LEFT"},{"row":2,"col":26,"dir":"LEFT"},{"row":2,"col":25,"dir":"LEFT"},{"row":2,"col":24,"dir":"LEFT"}]},{"id":6,"targetId":4,"ConnectionCells":[{"row":1,"col":39,"dir":"LEFT"},{"row":1,"col":38,"dir":"LEFT"},{"row":1,"col":37,"dir":"LEFT"},{"row":1,"col":36,"dir":"LEFT"},{"row":1,"col":35,"dir":"LEFT"},{"row":1,"col":34,"dir":"LEFT"},{"row":1,"col":33,"dir":"LEFT"},{"row":1,"col":32,"dir":"LEFT"},{"row":1,"col":31,"dir":"LEFT"},{"row":1,"col":30,"dir":"LEFT"},{"row":1,"col":29,"dir":"DOWN"}]},{"id":7,"targetId":5,"ConnectionCells":[{"row":3,"col":39,"dir":"LEFT"},{"row":3,"col":38,"dir":"LEFT"},{"row":3,"col":37,"dir":"LEFT"},{"row":3,"col":36,"dir":"LEFT"},{"row":3,"col":35,"dir":"LEFT"},{"row":3,"col":34,"dir":"LEFT"},{"row":3,"col":33,"dir":"LEFT"},{"row":3,"col":32,"dir":"LEFT"},{"row":3,"col":31,"dir":"LEFT"},{"row":3,"col":30,"dir":"LEFT"},{"row":3,"col":29,"dir":"UP"}]}],"componentConnectedpairs":[{"id":5,"coordinate":{"row":2,"col":23},"flow":"outward"},{"id":6,"targetComponentId":4,"coordinate":{"row":1,"col":40},"flow":"inward"},{"id":7,"targetComponentId":5,"coordinate":{"row":3,"col":40},"flow":"inward"}],"terminalValue":[{"name":"SolarPanel","id":4},{"name":"WindTurbine","id":5}],"propertyList":[{"id":11,"saveStatus":true,"$$hashKey":"object:12330","value":"16.67","selectedProp":{"name":"TurnsRatio","value":"","$$hashKey":"object:12332"}}],"attributeSave":true,"connectionRow":[{"id":11,"saveStatus":true,"$$hashKey":"object:12333","destLink":"V_out","srcName":{"coordinate":{"row":2,"col":19},"name":"CircuitBreaker","id":1,"type":"CircuitBreaker","properties":[{"name":"Cut","value":"25"}],"link":null,"namespace":"MicroGrid.OnePhase.Components.Breaker.CircuitBreaker","componentRefID":13,"$$hashKey":"object:2480","connections":[{"id":1,"ConnectionCells":[{"row":2,"col":22,"dir":"LEFT"},{"row":2,"col":21,"dir":"LEFT"},{"row":2,"col":20,"dir":"LEFT"}]},{"id":2,"ConnectionCells":[{"row":2,"col":18,"dir":"LEFT"}]}],"componentConnectedpairs":[{"id":1,"coordinate":{"row":2,"col":23},"flow":"inward"},{"id":2,"coordinate":{"row":2,"col":17},"flow":"outward"}],"terminalValue":[{}],"propertyList":[{"id":13,"saveStatus":true,"$$hashKey":"object:8532","selectedProp":{"name":"Cut","value":"20","$$hashKey":"object:1685"},"value":"25"}],"attributeSave":true,"connectionRow":[{"id":13,"saveStatus":true,"$$hashKey":"object:16909","destLink":"V_out","srcName":{"coordinate":{"row":2,"col":13},"name":"NewFeeder","id":9,"type":"NewFeeder","properties":[],"link":null,"namespace":"MicroGrid.OnePhase.Components.Transmission.NewFeeder","componentRefID":7,"connections":[{"id":8,"ConnectionCells":[{"row":2,"col":16,"dir":"LEFT"},{"row":2,"col":15,"dir":"LEFT"},{"row":2,"col":14,"dir":"LEFT"}]},{"id":9,"ConnectionCells":[{"row":2,"col":12,"dir":"LEFT"},{"row":2,"col":11,"dir":"LEFT"},{"row":2,"col":10,"dir":"LEFT"}]}],"componentConnectedpairs":[{"id":8,"coordinate":{"row":2,"col":17},"flow":"inward"},{"id":9,"coordinate":{"row":2,"col":9},"flow":"outward"}],"$$hashKey":"object:16912"},"srcLink":"V_in"}],"connectionSave":true},"srcLink":"V_in"}],"connectionSave":true},{"coordinate":{"row":4,"col":13},"name":"Resistive","id":7,"type":"Resistive","properties":[],"link":null,"namespace":"MicroGrid.OnePhase.Components.Load.Resistive","componentRefID":5,"$$hashKey":"object:6024","connections":[{"id":3,"ConnectionCells":[{"row":4,"col":16,"dir":"LEFT"},{"row":4,"col":15,"dir":"LEFT"},{"row":4,"col":14,"dir":"LEFT"}]},{"id":4,"targetId":8,"ConnectionCells":[{"row":5,"col":13,"dir":"DOWN"}]}],"componentConnectedpairs":[{"id":3,"coordinate":{"row":4,"col":17},"flow":"inward"},{"id":4,"targetComponentId":8,"coordinate":{"row":6,"col":13},"flow":"outward"}],"terminalValue":[{}],"connectionRow":[{"id":5,"saveStatus":true,"$$hashKey":"object:8541","destLink":"v_in","srcName":{"coordinate":{"row":2,"col":19},"name":"CircuitBreaker","id":1,"type":"CircuitBreaker","properties":[{"name":"Cut","value":"25"}],"link":null,"namespace":"MicroGrid.OnePhase.Components.Breaker.CircuitBreaker","componentRefID":13,"$$hashKey":"object:2480","connections":[{"id":1,"ConnectionCells":[{"row":2,"col":22,"dir":"LEFT"},{"row":2,"col":21,"dir":"LEFT"},{"row":2,"col":20,"dir":"LEFT"}]},{"id":2,"ConnectionCells":[{"row":2,"col":18,"dir":"LEFT"}]}],"componentConnectedpairs":[{"id":1,"coordinate":{"row":2,"col":23},"flow":"inward"},{"id":2,"coordinate":{"row":2,"col":17},"flow":"outward"}],"terminalValue":[{}],"propertyList":[{"id":13,"saveStatus":true,"$$hashKey":"object:8532","selectedProp":{"name":"Cut","value":"20","$$hashKey":"object:1685"},"value":"25"}],"attributeSave":true,"connectionRow":[{"id":13,"saveStatus":true,"$$hashKey":"object:16909","destLink":"V_out","srcName":{"coordinate":{"row":2,"col":13},"name":"NewFeeder","id":9,"type":"NewFeeder","properties":[],"link":null,"namespace":"MicroGrid.OnePhase.Components.Transmission.NewFeeder","componentRefID":7,"connections":[{"id":8,"ConnectionCells":[{"row":2,"col":16,"dir":"LEFT"},{"row":2,"col":15,"dir":"LEFT"},{"row":2,"col":14,"dir":"LEFT"}]},{"id":9,"ConnectionCells":[{"row":2,"col":12,"dir":"LEFT"},{"row":2,"col":11,"dir":"LEFT"},{"row":2,"col":10,"dir":"LEFT"}]}],"componentConnectedpairs":[{"id":8,"coordinate":{"row":2,"col":17},"flow":"inward"},{"id":9,"coordinate":{"row":2,"col":9},"flow":"outward"}],"$$hashKey":"object:16912"},"srcLink":"V_in"}],"connectionSave":true},"srcLink":"V_out"}],"connectionSave":true},{"coordinate":{"row":6,"col":13},"name":"Building_load","id":8,"type":"Building_load","properties":[],"link":null,"namespace":"MicroGrid.Examples.OnePhase.Building_load","componentRefID":14,"$$hashKey":"object:6027","connections":[{"id":4,"targetId":7,"ConnectionCells":[{"row":5,"col":13,"dir":"DOWN"}]}],"componentConnectedpairs":[{"id":4,"targetComponentId":7,"coordinate":{"row":4,"col":13},"flow":"inward"}],"terminalValue":[{"name":"Resistive","id":7}],"connectionRow":[{"id":14,"saveStatus":true,"$$hashKey":"object:8546","destLink":"y","srcName":{"coordinate":{"row":4,"col":13},"name":"Resistive","id":7,"type":"Resistive","properties":[],"link":null,"namespace":"MicroGrid.OnePhase.Components.Load.Resistive","componentRefID":5,"$$hashKey":"object:6024","connections":[{"id":3,"ConnectionCells":[{"row":4,"col":16,"dir":"LEFT"},{"row":4,"col":15,"dir":"LEFT"},{"row":4,"col":14,"dir":"LEFT"}]},{"id":4,"targetId":8,"ConnectionCells":[{"row":5,"col":13,"dir":"DOWN"}]}],"componentConnectedpairs":[{"id":3,"coordinate":{"row":4,"col":17},"flow":"inward"},{"id":4,"targetComponentId":8,"coordinate":{"row":6,"col":13},"flow":"outward"}],"terminalValue":[{}],"connectionRow":[{"id":5,"saveStatus":true,"$$hashKey":"object:8541","destLink":"v_in","srcName":{"coordinate":{"row":2,"col":19},"name":"CircuitBreaker","id":1,"type":"CircuitBreaker","properties":[{"name":"Cut","value":"25"}],"link":null,"namespace":"MicroGrid.OnePhase.Components.Breaker.CircuitBreaker","componentRefID":13,"$$hashKey":"object:2480","connections":[{"id":1,"ConnectionCells":[{"row":2,"col":22,"dir":"LEFT"},{"row":2,"col":21,"dir":"LEFT"},{"row":2,"col":20,"dir":"LEFT"}]},{"id":2,"ConnectionCells":[{"row":2,"col":18,"dir":"LEFT"}]}],"componentConnectedpairs":[{"id":1,"coordinate":{"row":2,"col":23},"flow":"inward"},{"id":2,"coordinate":{"row":2,"col":17},"flow":"outward"}],"terminalValue":[{}],"propertyList":[{"id":13,"saveStatus":true,"$$hashKey":"object:8532","selectedProp":{"name":"Cut","value":"20","$$hashKey":"object:1685"},"value":"25"}],"attributeSave":true,"connectionRow":[{"id":13,"saveStatus":true,"$$hashKey":"object:16909","destLink":"V_out","srcName":{"coordinate":{"row":2,"col":13},"name":"NewFeeder","id":9,"type":"NewFeeder","properties":[],"link":null,"namespace":"MicroGrid.OnePhase.Components.Transmission.NewFeeder","componentRefID":7,"connections":[{"id":8,"ConnectionCells":[{"row":2,"col":16,"dir":"LEFT"},{"row":2,"col":15,"dir":"LEFT"},{"row":2,"col":14,"dir":"LEFT"}]},{"id":9,"ConnectionCells":[{"row":2,"col":12,"dir":"LEFT"},{"row":2,"col":11,"dir":"LEFT"},{"row":2,"col":10,"dir":"LEFT"}]}],"componentConnectedpairs":[{"id":8,"coordinate":{"row":2,"col":17},"flow":"inward"},{"id":9,"coordinate":{"row":2,"col":9},"flow":"outward"}],"$$hashKey":"object:16912"},"srcLink":"V_in"}],"connectionSave":true},"srcLink":"V_out"}],"connectionSave":true},"srcLink":"y"}],"connectionSave":true},{"coordinate":{"row":2,"col":13},"name":"NewFeeder","id":9,"type":"NewFeeder","properties":[],"link":null,"namespace":"MicroGrid.OnePhase.Components.Transmission.NewFeeder","componentRefID":7,"connections":[{"id":8,"ConnectionCells":[{"row":2,"col":16,"dir":"LEFT"},{"row":2,"col":15,"dir":"LEFT"},{"row":2,"col":14,"dir":"LEFT"}]},{"id":9,"ConnectionCells":[{"row":2,"col":12,"dir":"LEFT"},{"row":2,"col":11,"dir":"LEFT"},{"row":2,"col":10,"dir":"LEFT"}]}],"componentConnectedpairs":[{"id":8,"coordinate":{"row":2,"col":17},"flow":"inward"},{"id":9,"coordinate":{"row":2,"col":9},"flow":"outward"}],"$$hashKey":"object:16912"}],"connection":[{"id":4,"srcid":3,"ConnectionCells":[{"row":2,"col":11,"dir":"LEFT"},{"row":2,"col":10,"dir":"LEFT"}]},{"id":5,"destid":4,"ConnectionCells":[{"row":1,"col":8,"dir":"LEFT"},{"row":1,"col":7,"dir":"LEFT"},{"row":1,"col":6,"dir":"LEFT"}]},{"id":6,"srcid":4,"destid":5,"ConnectionCells":[{"row":1,"col":4,"dir":"LEFT"},{"row":1,"col":3,"dir":"LEFT"},{"row":1,"col":2,"dir":"LEFT"}]},{"id":7,"destid":6,"ConnectionCells":[{"row":3,"col":8,"dir":"LEFT"},{"row":3,"col":7,"dir":"LEFT"},{"row":3,"col":6,"dir":"LEFT"}]},{"id":8,"srcid":6,"destid":7,"ConnectionCells":[{"row":3,"col":4,"dir":"LEFT"},{"row":3,"col":3,"dir":"LEFT"},{"row":3,"col":2,"dir":"LEFT"}]},{"id":1,"destid":1,"ConnectionCells":[{"row":2,"col":22,"dir":"LEFT"},{"row":2,"col":21,"dir":"LEFT"},{"row":2,"col":20,"dir":"LEFT"}]},{"id":2,"srcid":1,"ConnectionCells":[{"row":2,"col":18,"dir":"LEFT"}]},{"id":3,"destid":7,"ConnectionCells":[{"row":4,"col":16,"dir":"LEFT"},{"row":4,"col":15,"dir":"LEFT"},{"row":4,"col":14,"dir":"LEFT"}]},{"id":4,"srcid":7,"destid":8,"ConnectionCells":[{"row":5,"col":13,"dir":"DOWN"}]},{"id":5,"srcid":6,"ConnectionCells":[{"row":2,"col":28,"dir":"LEFT"},{"row":2,"col":27,"dir":"LEFT"},{"row":2,"col":26,"dir":"LEFT"},{"row":2,"col":25,"dir":"LEFT"},{"row":2,"col":24,"dir":"LEFT"}]},{"id":6,"srcid":4,"destid":6,"ConnectionCells":[{"row":1,"col":39,"dir":"LEFT"},{"row":1,"col":38,"dir":"LEFT"},{"row":1,"col":37,"dir":"LEFT"},{"row":1,"col":36,"dir":"LEFT"},{"row":1,"col":35,"dir":"LEFT"},{"row":1,"col":34,"dir":"LEFT"},{"row":1,"col":33,"dir":"LEFT"},{"row":1,"col":32,"dir":"LEFT"},{"row":1,"col":31,"dir":"LEFT"},{"row":1,"col":30,"dir":"LEFT"},{"row":1,"col":29,"dir":"DOWN"}]},{"id":7,"srcid":5,"destid":6,"ConnectionCells":[{"row":3,"col":39,"dir":"LEFT"},{"row":3,"col":38,"dir":"LEFT"},{"row":3,"col":37,"dir":"LEFT"},{"row":3,"col":36,"dir":"LEFT"},{"row":3,"col":35,"dir":"LEFT"},{"row":3,"col":34,"dir":"LEFT"},{"row":3,"col":33,"dir":"LEFT"},{"row":3,"col":32,"dir":"LEFT"},{"row":3,"col":31,"dir":"LEFT"},{"row":3,"col":30,"dir":"LEFT"},{"row":3,"col":29,"dir":"UP"}]},{"id":8,"destid":9,"ConnectionCells":[{"row":2,"col":16,"dir":"LEFT"},{"row":2,"col":15,"dir":"LEFT"},{"row":2,"col":14,"dir":"LEFT"}]},{"id":9,"srcid":9,"ConnectionCells":[{"row":2,"col":12,"dir":"LEFT"},{"row":2,"col":11,"dir":"LEFT"},{"row":2,"col":10,"dir":"LEFT"}]}]}},"circuit":[{"srcName":"CircuitBreaker","srcLink":"V_out","destName":"Resistive","destLink":"v_in","srcid":1,"destid":7,"$$hashKey":"object:8543"},{"srcName":"Resistive","srcLink":"y","destName":"Building_load","destLink":"y","srcid":7,"destid":8,"$$hashKey":"object:8548"},{"srcName":"CircuitBreaker","srcLink":"V_in","destName":"TransformerBasic","destLink":"V_out","srcid":1,"destid":6,"$$hashKey":"object:12335"},{"srcName":"TransformerBasic","srcLink":"V_in","destName":"SolarPanel","destLink":"V_out","srcid":6,"destid":4,"$$hashKey":"object:12348"},{"srcName":"TransformerBasic","srcLink":"V_in","destName":"WindTurbine","destLink":"V_out","srcid":6,"destid":5,"$$hashKey":"object:12363"},{"srcName":"NewFeeder","srcLink":"V_in","destName":"CircuitBreaker","destLink":"V_out","srcid":9,"destid":1,"$$hashKey":"object:16913"},{"srcName":"NewFeeder","srcLink":"V_out","destName":"Resistive","destLink":"v_in","srcid":9,"destid":4,"$$hashKey":"object:16919"},{"srcName":"NewFeeder","srcLink":"V_out","destName":"Resistive","destLink":"v_in","srcid":9,"destid":6,"$$hashKey":"object:16925"}]}