{"grid":[[null,null,null,null,null,null,null,null,null,null,null,null,null,null,null,null,null,null,null,null,null,null,null,null,null,null,null,null,null,null],[null,{"coordinate":{"row":1,"col":1},"name":"Building_load","id":5,"type":"Building_load","properties":[],"link":null,"namespace":"MicroGrid.Examples.OnePhase.Building_load","componentRefID":14,"$$hashKey":"object:1810","terminalValue":[],"connectionRow":[{"id":14,"saveStatus":true,"$$hashKey":"object:1840","destLink":"y","srcName":{"coordinate":{"row":1,"col":5},"name":"Resistive","id":4,"type":"Resistive","properties":[],"link":null,"namespace":"MicroGrid.OnePhase.Components.Load.Resistive","componentRefID":5,"$$hashKey":"object:1809","terminalValue":[],"connectionRow":[{"id":5,"saveStatus":true,"$$hashKey":"object:1835","destLink":"v_in","srcName":{"coordinate":{"row":2,"col":12},"name":"CircuitBreaker","id":3,"type":"CircuitBreaker","properties":[{"name":"Cut","value":"20"}],"link":null,"namespace":"MicroGrid.OnePhase.Components.Breaker.CircuitBreaker","componentRefID":13,"$$hashKey":"object:1808","terminalValue":[],"propertyList":[{"id":13,"saveStatus":true,"$$hashKey":"object:1831","selectedProp":{"name":"Cut","value":"20","$$hashKey":"object:1680"},"value":"20"}],"attributeSave":true,"connections":[{"id":3,"ConnectionCells":[{"row":2,"col":16,"dir":"LEFT"},{"row":2,"col":15,"dir":"LEFT"},{"row":2,"col":14,"dir":"LEFT"},{"row":2,"col":13,"dir":"LEFT"}]},{"id":4,"ConnectionCells":[{"row":2,"col":11,"dir":"LEFT"},{"row":2,"col":10,"dir":"LEFT"}]}],"componentConnectedpairs":[{"id":3,"coordinate":{"row":2,"col":17},"flow":"inward"},{"id":4,"coordinate":{"row":2,"col":9},"flow":"outward"}]},"srcLink":"V_out"}],"connectionSave":true,"connections":[{"id":5,"ConnectionCells":[{"row":1,"col":8,"dir":"LEFT"},{"row":1,"col":7,"dir":"LEFT"},{"row":1,"col":6,"dir":"LEFT"}]},{"id":6,"targetId":5,"ConnectionCells":[{"row":1,"col":4,"dir":"LEFT"},{"row":1,"col":3,"dir":"LEFT"},{"row":1,"col":2,"dir":"LEFT"}]}],"componentConnectedpairs":[{"id":5,"coordinate":{"row":1,"col":9},"flow":"inward"},{"id":6,"targetComponentId":5,"coordinate":{"row":1,"col":1},"flow":"outward"}]},"srcLink":"y"}],"connectionSave":true,"connections":[{"id":6,"targetId":4,"ConnectionCells":[{"row":1,"col":4,"dir":"LEFT"},{"row":1,"col":3,"dir":"LEFT"},{"row":1,"col":2,"dir":"LEFT"}]}],"componentConnectedpairs":[{"id":6,"targetComponentId":4,"coordinate":{"row":1,"col":5},"flow":"inward"}]},{"leftCount":1,"leftDir":"LEFT","connectedCell":true,"direction":"LEFT"},{"leftCount":1,"leftDir":"LEFT","connectedCell":true,"direction":"LEFT"},{"leftCount":1,"leftDir":"LEFT","connectedCell":true,"direction":"LEFT"},{"coordinate":{"row":1,"col":5},"name":"Resistive","id":4,"type":"Resistive","properties":[],"link":null,"namespace":"MicroGrid.OnePhase.Components.Load.Resistive","componentRefID":5,"$$hashKey":"object:1809","terminalValue":[],"connectionRow":[{"id":5,"saveStatus":true,"$$hashKey":"object:1835","destLink":"v_in","srcName":{"coordinate":{"row":2,"col":12},"name":"CircuitBreaker","id":3,"type":"CircuitBreaker","properties":[{"name":"Cut","value":"20"}],"link":null,"namespace":"MicroGrid.OnePhase.Components.Breaker.CircuitBreaker","componentRefID":13,"$$hashKey":"object:1808","terminalValue":[],"propertyList":[{"id":13,"saveStatus":true,"$$hashKey":"object:1831","selectedProp":{"name":"Cut","value":"20","$$hashKey":"object:1680"},"value":"20"}],"attributeSave":true,"connections":[{"id":3,"ConnectionCells":[{"row":2,"col":16,"dir":"LEFT"},{"row":2,"col":15,"dir":"LEFT"},{"row":2,"col":14,"dir":"LEFT"},{"row":2,"col":13,"dir":"LEFT"}]},{"id":4,"ConnectionCells":[{"row":2,"col":11,"dir":"LEFT"},{"row":2,"col":10,"dir":"LEFT"}]}],"componentConnectedpairs":[{"id":3,"coordinate":{"row":2,"col":17},"flow":"inward"},{"id":4,"coordinate":{"row":2,"col":9},"flow":"outward"}]},"srcLink":"V_out"}],"connectionSave":true,"connections":[{"id":5,"ConnectionCells":[{"row":1,"col":8,"dir":"LEFT"},{"row":1,"col":7,"dir":"LEFT"},{"row":1,"col":6,"dir":"LEFT"}]},{"id":6,"targetId":5,"ConnectionCells":[{"row":1,"col":4,"dir":"LEFT"},{"row":1,"col":3,"dir":"LEFT"},{"row":1,"col":2,"dir":"LEFT"}]}],"componentConnectedpairs":[{"id":5,"coordinate":{"row":1,"col":9},"flow":"inward"},{"id":6,"targetComponentId":5,"coordinate":{"row":1,"col":1},"flow":"outward"}]},{"leftCount":1,"leftDir":"LEFT","connectedCell":true,"direction":"LEFT"},{"leftCount":1,"leftDir":"LEFT","connectedCell":true,"direction":"LEFT"},{"leftCount":1,"leftDir":"LEFT","connectedCell":true,"direction":"LEFT"},{"lineCol":true,"isLine":true,"connections":[{"id":5,"targetId":4,"ConnectionCells":[{"row":1,"col":8,"dir":"LEFT"},{"row":1,"col":7,"dir":"LEFT"},{"row":1,"col":6,"dir":"LEFT"}]}],"componentConnectedpairs":[{"id":5,"targetComponentId":4,"coordinate":{"row":1,"col":5},"flow":"outward"}]},null,null,null,null,null,null,null,{"lineCol":true,"isLine":true,"connections":[{"id":1,"targetId":1,"ConnectionCells":[{"row":1,"col":23,"dir":"LEFT"},{"row":1,"col":22,"dir":"LEFT"},{"row":1,"col":21,"dir":"LEFT"},{"row":1,"col":20,"dir":"LEFT"},{"row":1,"col":19,"dir":"LEFT"},{"row":1,"col":18,"dir":"LEFT"}]}],"componentConnectedpairs":[{"id":1,"targetComponentId":1,"coordinate":{"row":1,"col":24},"flow":"inward"}]},{"leftCount":1,"leftDir":"LEFT","connectedCell":true,"direction":"LEFT"},{"leftCount":1,"leftDir":"LEFT","connectedCell":true,"direction":"LEFT"},{"leftCount":1,"leftDir":"LEFT","connectedCell":true,"direction":"LEFT"},{"leftCount":1,"leftDir":"LEFT","connectedCell":true,"direction":"LEFT"},{"leftCount":1,"leftDir":"LEFT","connectedCell":true,"direction":"LEFT"},{"leftCount":1,"leftDir":"LEFT","connectedCell":true,"direction":"LEFT"},{"coordinate":{"row":1,"col":24},"name":"SolarPanel","id":1,"type":"SolarPanel","properties":[{"name":"P_Capacity","value":"1000"},{"name":"P_in","value":"500"}],"link":null,"namespace":"MicroGrid.OnePhase.Sources.PowerSource","componentRefID":0,"terminalValue":[],"propertyList":[{"id":0,"saveStatus":true,"$$hashKey":"object:1800","selectedProp":{"name":"P_Capacity","value":"","$$hashKey":"object:1689"},"value":"1000"},{"id":0,"saveStatus":true,"$$hashKey":"object:1802","selectedProp":{"name":"P_in","value":"","$$hashKey":"object:1690"},"value":"500"}],"attributeSave":true,"connectionRow":[{"id":0,"saveStatus":true,"$$hashKey":"object:1804","destLink":"V_out","srcName":{"coordinate":{"row":2,"col":12},"name":"CircuitBreaker","id":3,"type":"CircuitBreaker","properties":[{"name":"Cut","value":"20"}],"link":null,"namespace":"MicroGrid.OnePhase.Components.Breaker.CircuitBreaker","componentRefID":13,"$$hashKey":"object:1808","terminalValue":[],"propertyList":[{"id":13,"saveStatus":true,"$$hashKey":"object:1831","selectedProp":{"name":"Cut","value":"20","$$hashKey":"object:1680"},"value":"20"}],"attributeSave":true,"connections":[{"id":3,"ConnectionCells":[{"row":2,"col":16,"dir":"LEFT"},{"row":2,"col":15,"dir":"LEFT"},{"row":2,"col":14,"dir":"LEFT"},{"row":2,"col":13,"dir":"LEFT"}]},{"id":4,"ConnectionCells":[{"row":2,"col":11,"dir":"LEFT"},{"row":2,"col":10,"dir":"LEFT"}]}],"componentConnectedpairs":[{"id":3,"coordinate":{"row":2,"col":17},"flow":"inward"},{"id":4,"coordinate":{"row":2,"col":9},"flow":"outward"}]},"srcLink":"V_in"}],"connectionSave":true,"$$hashKey":"object:1806","connections":[{"id":1,"ConnectionCells":[{"row":1,"col":23,"dir":"LEFT"},{"row":1,"col":22,"dir":"LEFT"},{"row":1,"col":21,"dir":"LEFT"},{"row":1,"col":20,"dir":"LEFT"},{"row":1,"col":19,"dir":"LEFT"},{"row":1,"col":18,"dir":"LEFT"}]}],"componentConnectedpairs":[{"id":1,"coordinate":{"row":1,"col":17},"flow":"outward"}]},null,null,null,null,null],[null,null,null,null,null,null,null,null,null,{"lineCol":true,"isLine":true,"connections":[{"id":4,"targetId":3,"ConnectionCells":[{"row":2,"col":11,"dir":"LEFT"},{"row":2,"col":10,"dir":"LEFT"}]}],"componentConnectedpairs":[{"id":4,"targetComponentId":3,"coordinate":{"row":2,"col":12},"flow":"inward"}]},{"leftCount":1,"leftDir":"LEFT","connectedCell":true,"direction":"LEFT"},{"leftCount":1,"leftDir":"LEFT","connectedCell":true,"direction":"LEFT"},{"coordinate":{"row":2,"col":12},"name":"CircuitBreaker","id":3,"type":"CircuitBreaker","properties":[{"name":"Cut","value":"20"}],"link":null,"namespace":"MicroGrid.OnePhase.Components.Breaker.CircuitBreaker","componentRefID":13,"$$hashKey":"object:1808","terminalValue":[],"propertyList":[{"id":13,"saveStatus":true,"$$hashKey":"object:1831","selectedProp":{"name":"Cut","value":"20","$$hashKey":"object:1680"},"value":"20"}],"attributeSave":true,"connections":[{"id":3,"ConnectionCells":[{"row":2,"col":16,"dir":"LEFT"},{"row":2,"col":15,"dir":"LEFT"},{"row":2,"col":14,"dir":"LEFT"},{"row":2,"col":13,"dir":"LEFT"}]},{"id":4,"ConnectionCells":[{"row":2,"col":11,"dir":"LEFT"},{"row":2,"col":10,"dir":"LEFT"}]}],"componentConnectedpairs":[{"id":3,"coordinate":{"row":2,"col":17},"flow":"inward"},{"id":4,"coordinate":{"row":2,"col":9},"flow":"outward"}]},{"leftCount":1,"leftDir":"LEFT","connectedCell":true,"direction":"LEFT"},{"leftCount":1,"leftDir":"LEFT","connectedCell":true,"direction":"LEFT"},{"leftCount":1,"leftDir":"LEFT","connectedCell":true,"direction":"LEFT"},{"leftCount":1,"leftDir":"LEFT","connectedCell":true,"direction":"LEFT"},{"lineCol":true,"isLine":true,"connections":[{"id":3,"targetId":3,"ConnectionCells":[{"row":2,"col":16,"dir":"LEFT"},{"row":2,"col":15,"dir":"LEFT"},{"row":2,"col":14,"dir":"LEFT"},{"row":2,"col":13,"dir":"LEFT"}]}],"componentConnectedpairs":[{"id":3,"targetComponentId":3,"coordinate":{"row":2,"col":12},"flow":"outward"}]},null,null,null,null,null,null,null,null,null,null,null,null],[null,{"coordinate":{"row":3,"col":1},"name":"Building_load","id":7,"type":"Building_load","properties":[],"link":null,"namespace":"MicroGrid.Examples.OnePhase.Building_load","componentRefID":14,"$$hashKey":"object:6374","terminalValue":[],"connectionRow":[{"id":14,"saveStatus":true,"$$hashKey":"object:6380","destLink":"y","srcName":{"coordinate":{"row":3,"col":5},"name":"Resistive","id":6,"type":"Resistive","properties":[],"link":null,"namespace":"MicroGrid.OnePhase.Components.Load.Resistive","componentRefID":5,"$$hashKey":"object:6371","terminalValue":[],"connectionRow":[{"id":5,"saveStatus":true,"$$hashKey":"object:6375","destLink":"v_in","srcName":{"coordinate":{"row":2,"col":12},"name":"CircuitBreaker","id":3,"type":"CircuitBreaker","properties":[{"name":"Cut","value":"20"}],"link":null,"namespace":"MicroGrid.OnePhase.Components.Breaker.CircuitBreaker","componentRefID":13,"$$hashKey":"object:1808","terminalValue":[],"propertyList":[{"id":13,"saveStatus":true,"$$hashKey":"object:1831","selectedProp":{"name":"Cut","value":"20","$$hashKey":"object:1680"},"value":"20"}],"attributeSave":true,"connections":[{"id":3,"ConnectionCells":[{"row":2,"col":16,"dir":"LEFT"},{"row":2,"col":15,"dir":"LEFT"},{"row":2,"col":14,"dir":"LEFT"},{"row":2,"col":13,"dir":"LEFT"}]},{"id":4,"ConnectionCells":[{"row":2,"col":11,"dir":"LEFT"},{"row":2,"col":10,"dir":"LEFT"}]}],"componentConnectedpairs":[{"id":3,"coordinate":{"row":2,"col":17},"flow":"inward"},{"id":4,"coordinate":{"row":2,"col":9},"flow":"outward"}]},"srcLink":"V_out"}],"connectionSave":true,"connections":[{"id":7,"ConnectionCells":[{"row":3,"col":8,"dir":"LEFT"},{"row":3,"col":7,"dir":"LEFT"},{"row":3,"col":6,"dir":"LEFT"}]},{"id":8,"targetId":7,"ConnectionCells":[{"row":3,"col":4,"dir":"LEFT"},{"row":3,"col":3,"dir":"LEFT"},{"row":3,"col":2,"dir":"LEFT"}]}],"componentConnectedpairs":[{"id":7,"coordinate":{"row":3,"col":9},"flow":"inward"},{"id":8,"targetComponentId":7,"coordinate":{"row":3,"col":1},"flow":"outward"}]},"srcLink":"y"}],"connectionSave":true,"connections":[{"id":8,"targetId":6,"ConnectionCells":[{"row":3,"col":4,"dir":"LEFT"},{"row":3,"col":3,"dir":"LEFT"},{"row":3,"col":2,"dir":"LEFT"}]}],"componentConnectedpairs":[{"id":8,"targetComponentId":6,"coordinate":{"row":3,"col":5},"flow":"inward"}]},{"leftCount":1,"leftDir":"LEFT","connectedCell":true,"direction":"LEFT"},{"leftCount":1,"leftDir":"LEFT","connectedCell":true,"direction":"LEFT"},{"leftCount":1,"leftDir":"LEFT","connectedCell":true,"direction":"LEFT"},{"coordinate":{"row":3,"col":5},"name":"Resistive","id":6,"type":"Resistive","properties":[],"link":null,"namespace":"MicroGrid.OnePhase.Components.Load.Resistive","componentRefID":5,"$$hashKey":"object:6371","terminalValue":[],"connectionRow":[{"id":5,"saveStatus":true,"$$hashKey":"object:6375","destLink":"v_in","srcName":{"coordinate":{"row":2,"col":12},"name":"CircuitBreaker","id":3,"type":"CircuitBreaker","properties":[{"name":"Cut","value":"20"}],"link":null,"namespace":"MicroGrid.OnePhase.Components.Breaker.CircuitBreaker","componentRefID":13,"$$hashKey":"object:1808","terminalValue":[],"propertyList":[{"id":13,"saveStatus":true,"$$hashKey":"object:1831","selectedProp":{"name":"Cut","value":"20","$$hashKey":"object:1680"},"value":"20"}],"attributeSave":true,"connections":[{"id":3,"ConnectionCells":[{"row":2,"col":16,"dir":"LEFT"},{"row":2,"col":15,"dir":"LEFT"},{"row":2,"col":14,"dir":"LEFT"},{"row":2,"col":13,"dir":"LEFT"}]},{"id":4,"ConnectionCells":[{"row":2,"col":11,"dir":"LEFT"},{"row":2,"col":10,"dir":"LEFT"}]}],"componentConnectedpairs":[{"id":3,"coordinate":{"row":2,"col":17},"flow":"inward"},{"id":4,"coordinate":{"row":2,"col":9},"flow":"outward"}]},"srcLink":"V_out"}],"connectionSave":true,"connections":[{"id":7,"ConnectionCells":[{"row":3,"col":8,"dir":"LEFT"},{"row":3,"col":7,"dir":"LEFT"},{"row":3,"col":6,"dir":"LEFT"}]},{"id":8,"targetId":7,"ConnectionCells":[{"row":3,"col":4,"dir":"LEFT"},{"row":3,"col":3,"dir":"LEFT"},{"row":3,"col":2,"dir":"LEFT"}]}],"componentConnectedpairs":[{"id":7,"coordinate":{"row":3,"col":9},"flow":"inward"},{"id":8,"targetComponentId":7,"coordinate":{"row":3,"col":1},"flow":"outward"}]},{"leftCount":1,"leftDir":"LEFT","connectedCell":true,"direction":"LEFT"},{"leftCount":1,"leftDir":"LEFT","connectedCell":true,"direction":"LEFT"},{"leftCount":1,"leftDir":"LEFT","connectedCell":true,"direction":"LEFT"},{"lineCol":true,"isLine":true,"connections":[{"id":7,"targetId":6,"ConnectionCells":[{"row":3,"col":8,"dir":"LEFT"},{"row":3,"col":7,"dir":"LEFT"},{"row":3,"col":6,"dir":"LEFT"}]}],"componentConnectedpairs":[{"id":7,"targetComponentId":6,"coordinate":{"row":3,"col":5},"flow":"outward"}]},null,null,null,null,null,null,null,{"lineCol":true,"isLine":true,"connections":[{"id":2,"targetId":2,"ConnectionCells":[{"row":3,"col":23,"dir":"LEFT"},{"row":3,"col":22,"dir":"LEFT"},{"row":3,"col":21,"dir":"LEFT"},{"row":3,"col":20,"dir":"LEFT"},{"row":3,"col":19,"dir":"LEFT"},{"row":3,"col":18,"dir":"LEFT"}]}],"componentConnectedpairs":[{"id":2,"targetComponentId":2,"coordinate":{"row":3,"col":24},"flow":"inward"}]},{"leftCount":1,"leftDir":"LEFT","connectedCell":true,"direction":"LEFT"},{"leftCount":1,"leftDir":"LEFT","connectedCell":true,"direction":"LEFT"},{"leftCount":1,"leftDir":"LEFT","connectedCell":true,"direction":"LEFT"},{"leftCount":1,"leftDir":"LEFT","connectedCell":true,"direction":"LEFT"},{"leftCount":1,"leftDir":"LEFT","connectedCell":true,"direction":"LEFT"},{"leftCount":1,"leftDir":"LEFT","connectedCell":true,"direction":"LEFT"},{"coordinate":{"row":3,"col":24},"name":"WindTurbine","id":2,"type":"WindTurbine","properties":[{"name":"P_Capacity","value":"1000"},{"name":"P_in","value":"500"}],"link":null,"namespace":"MicroGrid.OnePhase.Sources.PowerSource","componentRefID":1,"terminalValue":[],"$$hashKey":"object:1807","propertyList":[{"id":1,"saveStatus":true,"$$hashKey":"object:1818","selectedProp":{"name":"P_Capacity","value":"","$$hashKey":"object:1694"},"value":"1000"},{"id":1,"saveStatus":true,"$$hashKey":"object:1820","selectedProp":{"name":"P_in","value":"","$$hashKey":"object:1695"},"value":"500"}],"attributeSave":true,"connectionRow":[{"id":1,"saveStatus":true,"$$hashKey":"object:1822","destLink":"V_out","srcName":{"coordinate":{"row":2,"col":12},"name":"CircuitBreaker","id":3,"type":"CircuitBreaker","properties":[{"name":"Cut","value":"20"}],"link":null,"namespace":"MicroGrid.OnePhase.Components.Breaker.CircuitBreaker","componentRefID":13,"$$hashKey":"object:1808","terminalValue":[],"propertyList":[{"id":13,"saveStatus":true,"$$hashKey":"object:1831","selectedProp":{"name":"Cut","value":"20","$$hashKey":"object:1680"},"value":"20"}],"attributeSave":true,"connections":[{"id":3,"ConnectionCells":[{"row":2,"col":16,"dir":"LEFT"},{"row":2,"col":15,"dir":"LEFT"},{"row":2,"col":14,"dir":"LEFT"},{"row":2,"col":13,"dir":"LEFT"}]},{"id":4,"ConnectionCells":[{"row":2,"col":11,"dir":"LEFT"},{"row":2,"col":10,"dir":"LEFT"}]}],"componentConnectedpairs":[{"id":3,"coordinate":{"row":2,"col":17},"flow":"inward"},{"id":4,"coordinate":{"row":2,"col":9},"flow":"outward"}]},"srcLink":"V_in"}],"connectionSave":true,"connections":[{"id":2,"ConnectionCells":[{"row":3,"col":23,"dir":"LEFT"},{"row":3,"col":22,"dir":"LEFT"},{"row":3,"col":21,"dir":"LEFT"},{"row":3,"col":20,"dir":"LEFT"},{"row":3,"col":19,"dir":"LEFT"},{"row":3,"col":18,"dir":"LEFT"}]}],"componentConnectedpairs":[{"id":2,"coordinate":{"row":3,"col":17},"flow":"outward"}]},null,null,null,null,null],[null,null,null,null,null,null,null,null,null,{"lineCol":true,"isLine":true},null,null,null,null,null,null,null,{"lineCol":true,"isLine":true},null,null,null,null,null,null,null,null,null,null,null,null],[null,null,null,null,null,null,null,null,null,{"lineCol":true,"isLine":true},null,null,null,null,null,null,null,{"lineCol":true,"isLine":true},null,null,null,null,null,null,null,null,null,null,null,null],[null,null,null,null,null,null,null,null,null,{"lineCol":true,"isLine":true},null,null,null,null,null,null,null,{"lineCol":true,"isLine":true},null,null,null,null,null,null,null,null,null,null,null,null],[null,null,null,null,null,null,null,null,null,{"lineCol":true,"isLine":true},null,null,null,null,null,null,null,{"lineCol":true,"isLine":true},null,null,null,null,null,null,null,null,null,null,null,null],[null,null,null,null,null,null,null,null,null,{"lineCol":true,"isLine":true},null,null,null,null,null,null,null,{"lineCol":true,"isLine":true},null,null,null,null,null,null,null,null,null,null,null,null],[null,null,null,null,null,null,null,null,null,{"lineCol":true,"isLine":true},null,null,null,null,null,null,null,{"lineCol":true,"isLine":true},null,null,null,null,null,null,null,null,null,null,null,null],[null,null,null,null,null,null,null,null,null,{"lineCol":true,"isLine":true},null,null,null,null,null,null,null,{"lineCol":true,"isLine":true},null,null,null,null,null,null,null,null,null,null,null,null],[null,null,null,null,null,null,null,null,null,{"lineCol":true,"isLine":true},null,null,null,null,null,null,null,{"lineCol":true,"isLine":true},null,null,null,null,null,null,null,null,null,null,null,null],[null,null,null,null,null,null,null,null,null,{"lineCol":true,"isLine":true},null,null,null,null,null,null,null,{"lineCol":true,"isLine":true},null,null,null,null,null,null,null,null,null,null,null,null],[null,null,null,null,null,null,null,null,null,{"lineCol":true,"isLine":true},null,null,null,null,null,null,null,{"lineCol":true,"isLine":true},null,null,null,null,null,null,null,null,null,null,null,null],[null,null,null,null,null,null,null,null,null,{"lineCol":true,"isLine":true},null,null,null,null,null,null,null,{"lineCol":true,"isLine":true},null,null,null,null,null,null,null,null,null,null,null,null],[null,null,null,null,null,null,null,null,null,{"lineCol":true,"isLine":true},null,null,null,null,null,null,null,{"lineCol":true,"isLine":true},null,null,null,null,null,null,null,null,null,null,null,null],[null,null,null,null,null,null,null,null,null,{"lineCol":true,"isLine":true},null,null,null,null,null,null,null,{"lineCol":true,"isLine":true},null,null,null,null,null,null,null,null,null,null,null,null],[null,null,null,null,null,null,null,null,null,{"lineCol":true,"isLine":true},null,null,null,null,null,null,null,{"lineCol":true,"isLine":true},null,null,null,null,null,null,null,null,null,null,null,null],[null,null,null,null,null,null,null,null,null,{"lineCol":true,"isLine":true},null,null,null,null,null,null,null,{"lineCol":true,"isLine":true},null,null,null,null,null,null,null,null,null,null,null,null],[null,null,null,null,null,null,null,null,null,{"lineCol":true,"isLine":true},null,null,null,null,null,null,null,{"lineCol":true,"isLine":true},null,null,null,null,null,null,null,null,null,null,null,null],[null,null,null,null,null,null,null,null,null,{"lineCol":true,"isLine":true},null,null,null,null,null,null,null,{"lineCol":true,"isLine":true},null,null,null,null,null,null,null,null,null,null,null,null],[null,null,null,null,null,null,null,null,null,{"lineCol":true,"isLine":true},null,null,null,null,null,null,null,{"lineCol":true,"isLine":true},null,null,null,null,null,null,null,null,null,null,null,null],[null,null,null,null,null,null,null,null,null,{"lineCol":true,"isLine":true},null,null,null,null,null,null,null,{"lineCol":true,"isLine":true},null,null,null,null,null,null,null,null,null,null,null,null],[null,null,null,null,null,null,null,null,null,{"lineCol":true,"isLine":true},null,null,null,null,null,null,null,{"lineCol":true,"isLine":true},null,null,null,null,null,null,null,null,null,null,null,null],[null,null,null,null,null,null,null,null,null,{"lineCol":true,"isLine":true},null,null,null,null,null,null,null,{"lineCol":true,"isLine":true},null,null,null,null,null,null,null,null,null,null,null,null]],"context":{"undo":[{"type":"COMPONENT","coordinate":{"row":1,"col":24}},{"type":"COMPONENT","coordinate":{"row":3,"col":24}},{"type":"COMPONENT","coordinate":{"row":2,"col":12}},{"type":"COMPONENT","coordinate":{"row":1,"col":5}},{"type":"COMPONENT","coordinate":{"row":1,"col":1}},{"type":"CONNECTOR","coordinate":[{"row":1,"col":23,"dir":"LEFT"},{"row":1,"col":22,"dir":"LEFT"},{"row":1,"col":21,"dir":"LEFT"},{"row":1,"col":20,"dir":"LEFT"},{"row":1,"col":19,"dir":"LEFT"},{"row":1,"col":18,"dir":"LEFT"}]},{"type":"CONNECTOR","coordinate":[{"row":3,"col":23,"dir":"LEFT"},{"row":3,"col":22,"dir":"LEFT"},{"row":3,"col":21,"dir":"LEFT"},{"row":3,"col":20,"dir":"LEFT"},{"row":3,"col":19,"dir":"LEFT"},{"row":3,"col":18,"dir":"LEFT"}]},{"type":"CONNECTOR","coordinate":[{"row":2,"col":16,"dir":"LEFT"},{"row":2,"col":15,"dir":"LEFT"},{"row":2,"col":14,"dir":"LEFT"},{"row":2,"col":13,"dir":"LEFT"}]},{"type":"CONNECTOR","coordinate":[{"row":2,"col":11,"dir":"LEFT"},{"row":2,"col":10,"dir":"LEFT"}]},{"type":"CONNECTOR","coordinate":[{"row":1,"col":8,"dir":"LEFT"},{"row":1,"col":7,"dir":"LEFT"},{"row":1,"col":6,"dir":"LEFT"}]},{"type":"CONNECTOR","coordinate":[{"row":1,"col":4,"dir":"LEFT"},{"row":1,"col":3,"dir":"LEFT"},{"row":1,"col":2,"dir":"LEFT"}]},{"type":"COMPONENT","coordinate":{"row":3,"col":5}},{"type":"COMPONENT","coordinate":{"row":3,"col":1}},{"type":"CONNECTOR","coordinate":[{"row":3,"col":8,"dir":"LEFT"},{"row":3,"col":7,"dir":"LEFT"},{"row":3,"col":6,"dir":"LEFT"}]},{"type":"CONNECTOR","coordinate":[{"row":3,"col":4,"dir":"LEFT"},{"row":3,"col":3,"dir":"LEFT"},{"row":3,"col":2,"dir":"LEFT"}]}],"designSchema":{"component":[{"coordinate":{"row":1,"col":24},"name":"SolarPanel","id":1,"type":"SolarPanel","properties":[{"name":"P_Capacity","value":"1000"},{"name":"P_in","value":"500"}],"link":null,"namespace":"MicroGrid.OnePhase.Sources.PowerSource","componentRefID":0,"terminalValue":[],"propertyList":[{"id":0,"saveStatus":true,"$$hashKey":"object:1800","selectedProp":{"name":"P_Capacity","value":"","$$hashKey":"object:1689"},"value":"1000"},{"id":0,"saveStatus":true,"$$hashKey":"object:1802","selectedProp":{"name":"P_in","value":"","$$hashKey":"object:1690"},"value":"500"}],"attributeSave":true,"connectionRow":[{"id":0,"saveStatus":true,"$$hashKey":"object:1804","destLink":"V_out","srcName":{"coordinate":{"row":2,"col":12},"name":"CircuitBreaker","id":3,"type":"CircuitBreaker","properties":[{"name":"Cut","value":"20"}],"link":null,"namespace":"MicroGrid.OnePhase.Components.Breaker.CircuitBreaker","componentRefID":13,"$$hashKey":"object:1808","terminalValue":[],"propertyList":[{"id":13,"saveStatus":true,"$$hashKey":"object:1831","selectedProp":{"name":"Cut","value":"20","$$hashKey":"object:1680"},"value":"20"}],"attributeSave":true,"connections":[{"id":3,"ConnectionCells":[{"row":2,"col":16,"dir":"LEFT"},{"row":2,"col":15,"dir":"LEFT"},{"row":2,"col":14,"dir":"LEFT"},{"row":2,"col":13,"dir":"LEFT"}]},{"id":4,"ConnectionCells":[{"row":2,"col":11,"dir":"LEFT"},{"row":2,"col":10,"dir":"LEFT"}]}],"componentConnectedpairs":[{"id":3,"coordinate":{"row":2,"col":17},"flow":"inward"},{"id":4,"coordinate":{"row":2,"col":9},"flow":"outward"}]},"srcLink":"V_in"}],"connectionSave":true,"$$hashKey":"object:1806","connections":[{"id":1,"ConnectionCells":[{"row":1,"col":23,"dir":"LEFT"},{"row":1,"col":22,"dir":"LEFT"},{"row":1,"col":21,"dir":"LEFT"},{"row":1,"col":20,"dir":"LEFT"},{"row":1,"col":19,"dir":"LEFT"},{"row":1,"col":18,"dir":"LEFT"}]}],"componentConnectedpairs":[{"id":1,"coordinate":{"row":1,"col":17},"flow":"outward"}]},{"coordinate":{"row":3,"col":24},"name":"WindTurbine","id":2,"type":"WindTurbine","properties":[{"name":"P_Capacity","value":"1000"},{"name":"P_in","value":"500"}],"link":null,"namespace":"MicroGrid.OnePhase.Sources.PowerSource","componentRefID":1,"terminalValue":[],"$$hashKey":"object:1807","propertyList":[{"id":1,"saveStatus":true,"$$hashKey":"object:1818","selectedProp":{"name":"P_Capacity","value":"","$$hashKey":"object:1694"},"value":"1000"},{"id":1,"saveStatus":true,"$$hashKey":"object:1820","selectedProp":{"name":"P_in","value":"","$$hashKey":"object:1695"},"value":"500"}],"attributeSave":true,"connectionRow":[{"id":1,"saveStatus":true,"$$hashKey":"object:1822","destLink":"V_out","srcName":{"coordinate":{"row":2,"col":12},"name":"CircuitBreaker","id":3,"type":"CircuitBreaker","properties":[{"name":"Cut","value":"20"}],"link":null,"namespace":"MicroGrid.OnePhase.Components.Breaker.CircuitBreaker","componentRefID":13,"$$hashKey":"object:1808","terminalValue":[],"propertyList":[{"id":13,"saveStatus":true,"$$hashKey":"object:1831","selectedProp":{"name":"Cut","value":"20","$$hashKey":"object:1680"},"value":"20"}],"attributeSave":true,"connections":[{"id":3,"ConnectionCells":[{"row":2,"col":16,"dir":"LEFT"},{"row":2,"col":15,"dir":"LEFT"},{"row":2,"col":14,"dir":"LEFT"},{"row":2,"col":13,"dir":"LEFT"}]},{"id":4,"ConnectionCells":[{"row":2,"col":11,"dir":"LEFT"},{"row":2,"col":10,"dir":"LEFT"}]}],"componentConnectedpairs":[{"id":3,"coordinate":{"row":2,"col":17},"flow":"inward"},{"id":4,"coordinate":{"row":2,"col":9},"flow":"outward"}]},"srcLink":"V_in"}],"connectionSave":true,"connections":[{"id":2,"ConnectionCells":[{"row":3,"col":23,"dir":"LEFT"},{"row":3,"col":22,"dir":"LEFT"},{"row":3,"col":21,"dir":"LEFT"},{"row":3,"col":20,"dir":"LEFT"},{"row":3,"col":19,"dir":"LEFT"},{"row":3,"col":18,"dir":"LEFT"}]}],"componentConnectedpairs":[{"id":2,"coordinate":{"row":3,"col":17},"flow":"outward"}]},{"coordinate":{"row":2,"col":12},"name":"CircuitBreaker","id":3,"type":"CircuitBreaker","properties":[{"name":"Cut","value":"20"}],"link":null,"namespace":"MicroGrid.OnePhase.Components.Breaker.CircuitBreaker","componentRefID":13,"$$hashKey":"object:1808","terminalValue":[],"propertyList":[{"id":13,"saveStatus":true,"$$hashKey":"object:1831","selectedProp":{"name":"Cut","value":"20","$$hashKey":"object:1680"},"value":"20"}],"attributeSave":true,"connections":[{"id":3,"ConnectionCells":[{"row":2,"col":16,"dir":"LEFT"},{"row":2,"col":15,"dir":"LEFT"},{"row":2,"col":14,"dir":"LEFT"},{"row":2,"col":13,"dir":"LEFT"}]},{"id":4,"ConnectionCells":[{"row":2,"col":11,"dir":"LEFT"},{"row":2,"col":10,"dir":"LEFT"}]}],"componentConnectedpairs":[{"id":3,"coordinate":{"row":2,"col":17},"flow":"inward"},{"id":4,"coordinate":{"row":2,"col":9},"flow":"outward"}]},{"coordinate":{"row":1,"col":5},"name":"Resistive","id":4,"type":"Resistive","properties":[],"link":null,"namespace":"MicroGrid.OnePhase.Components.Load.Resistive","componentRefID":5,"$$hashKey":"object:1809","terminalValue":[],"connectionRow":[{"id":5,"saveStatus":true,"$$hashKey":"object:1835","destLink":"v_in","srcName":{"coordinate":{"row":2,"col":12},"name":"CircuitBreaker","id":3,"type":"CircuitBreaker","properties":[{"name":"Cut","value":"20"}],"link":null,"namespace":"MicroGrid.OnePhase.Components.Breaker.CircuitBreaker","componentRefID":13,"$$hashKey":"object:1808","terminalValue":[],"propertyList":[{"id":13,"saveStatus":true,"$$hashKey":"object:1831","selectedProp":{"name":"Cut","value":"20","$$hashKey":"object:1680"},"value":"20"}],"attributeSave":true,"connections":[{"id":3,"ConnectionCells":[{"row":2,"col":16,"dir":"LEFT"},{"row":2,"col":15,"dir":"LEFT"},{"row":2,"col":14,"dir":"LEFT"},{"row":2,"col":13,"dir":"LEFT"}]},{"id":4,"ConnectionCells":[{"row":2,"col":11,"dir":"LEFT"},{"row":2,"col":10,"dir":"LEFT"}]}],"componentConnectedpairs":[{"id":3,"coordinate":{"row":2,"col":17},"flow":"inward"},{"id":4,"coordinate":{"row":2,"col":9},"flow":"outward"}]},"srcLink":"V_out"}],"connectionSave":true,"connections":[{"id":5,"ConnectionCells":[{"row":1,"col":8,"dir":"LEFT"},{"row":1,"col":7,"dir":"LEFT"},{"row":1,"col":6,"dir":"LEFT"}]},{"id":6,"targetId":5,"ConnectionCells":[{"row":1,"col":4,"dir":"LEFT"},{"row":1,"col":3,"dir":"LEFT"},{"row":1,"col":2,"dir":"LEFT"}]}],"componentConnectedpairs":[{"id":5,"coordinate":{"row":1,"col":9},"flow":"inward"},{"id":6,"targetComponentId":5,"coordinate":{"row":1,"col":1},"flow":"outward"}]},{"coordinate":{"row":1,"col":1},"name":"Building_load","id":5,"type":"Building_load","properties":[],"link":null,"namespace":"MicroGrid.Examples.OnePhase.Building_load","componentRefID":14,"$$hashKey":"object:1810","terminalValue":[],"connectionRow":[{"id":14,"saveStatus":true,"$$hashKey":"object:1840","destLink":"y","srcName":{"coordinate":{"row":1,"col":5},"name":"Resistive","id":4,"type":"Resistive","properties":[],"link":null,"namespace":"MicroGrid.OnePhase.Components.Load.Resistive","componentRefID":5,"$$hashKey":"object:1809","terminalValue":[],"connectionRow":[{"id":5,"saveStatus":true,"$$hashKey":"object:1835","destLink":"v_in","srcName":{"coordinate":{"row":2,"col":12},"name":"CircuitBreaker","id":3,"type":"CircuitBreaker","properties":[{"name":"Cut","value":"20"}],"link":null,"namespace":"MicroGrid.OnePhase.Components.Breaker.CircuitBreaker","componentRefID":13,"$$hashKey":"object:1808","terminalValue":[],"propertyList":[{"id":13,"saveStatus":true,"$$hashKey":"object:1831","selectedProp":{"name":"Cut","value":"20","$$hashKey":"object:1680"},"value":"20"}],"attributeSave":true,"connections":[{"id":3,"ConnectionCells":[{"row":2,"col":16,"dir":"LEFT"},{"row":2,"col":15,"dir":"LEFT"},{"row":2,"col":14,"dir":"LEFT"},{"row":2,"col":13,"dir":"LEFT"}]},{"id":4,"ConnectionCells":[{"row":2,"col":11,"dir":"LEFT"},{"row":2,"col":10,"dir":"LEFT"}]}],"componentConnectedpairs":[{"id":3,"coordinate":{"row":2,"col":17},"flow":"inward"},{"id":4,"coordinate":{"row":2,"col":9},"flow":"outward"}]},"srcLink":"V_out"}],"connectionSave":true,"connections":[{"id":5,"ConnectionCells":[{"row":1,"col":8,"dir":"LEFT"},{"row":1,"col":7,"dir":"LEFT"},{"row":1,"col":6,"dir":"LEFT"}]},{"id":6,"targetId":5,"ConnectionCells":[{"row":1,"col":4,"dir":"LEFT"},{"row":1,"col":3,"dir":"LEFT"},{"row":1,"col":2,"dir":"LEFT"}]}],"componentConnectedpairs":[{"id":5,"coordinate":{"row":1,"col":9},"flow":"inward"},{"id":6,"targetComponentId":5,"coordinate":{"row":1,"col":1},"flow":"outward"}]},"srcLink":"y"}],"connectionSave":true,"connections":[{"id":6,"targetId":4,"ConnectionCells":[{"row":1,"col":4,"dir":"LEFT"},{"row":1,"col":3,"dir":"LEFT"},{"row":1,"col":2,"dir":"LEFT"}]}],"componentConnectedpairs":[{"id":6,"targetComponentId":4,"coordinate":{"row":1,"col":5},"flow":"inward"}]},{"coordinate":{"row":3,"col":5},"name":"Resistive","id":6,"type":"Resistive","properties":[],"link":null,"namespace":"MicroGrid.OnePhase.Components.Load.Resistive","componentRefID":5,"$$hashKey":"object:6371","terminalValue":[],"connectionRow":[{"id":5,"saveStatus":true,"$$hashKey":"object:6375","destLink":"v_in","srcName":{"coordinate":{"row":2,"col":12},"name":"CircuitBreaker","id":3,"type":"CircuitBreaker","properties":[{"name":"Cut","value":"20"}],"link":null,"namespace":"MicroGrid.OnePhase.Components.Breaker.CircuitBreaker","componentRefID":13,"$$hashKey":"object:1808","terminalValue":[],"propertyList":[{"id":13,"saveStatus":true,"$$hashKey":"object:1831","selectedProp":{"name":"Cut","value":"20","$$hashKey":"object:1680"},"value":"20"}],"attributeSave":true,"connections":[{"id":3,"ConnectionCells":[{"row":2,"col":16,"dir":"LEFT"},{"row":2,"col":15,"dir":"LEFT"},{"row":2,"col":14,"dir":"LEFT"},{"row":2,"col":13,"dir":"LEFT"}]},{"id":4,"ConnectionCells":[{"row":2,"col":11,"dir":"LEFT"},{"row":2,"col":10,"dir":"LEFT"}]}],"componentConnectedpairs":[{"id":3,"coordinate":{"row":2,"col":17},"flow":"inward"},{"id":4,"coordinate":{"row":2,"col":9},"flow":"outward"}]},"srcLink":"V_out"}],"connectionSave":true,"connections":[{"id":7,"ConnectionCells":[{"row":3,"col":8,"dir":"LEFT"},{"row":3,"col":7,"dir":"LEFT"},{"row":3,"col":6,"dir":"LEFT"}]},{"id":8,"targetId":7,"ConnectionCells":[{"row":3,"col":4,"dir":"LEFT"},{"row":3,"col":3,"dir":"LEFT"},{"row":3,"col":2,"dir":"LEFT"}]}],"componentConnectedpairs":[{"id":7,"coordinate":{"row":3,"col":9},"flow":"inward"},{"id":8,"targetComponentId":7,"coordinate":{"row":3,"col":1},"flow":"outward"}]},{"coordinate":{"row":3,"col":1},"name":"Building_load","id":7,"type":"Building_load","properties":[],"link":null,"namespace":"MicroGrid.Examples.OnePhase.Building_load","componentRefID":14,"$$hashKey":"object:6374","terminalValue":[],"connectionRow":[{"id":14,"saveStatus":true,"$$hashKey":"object:6380","destLink":"y","srcName":{"coordinate":{"row":3,"col":5},"name":"Resistive","id":6,"type":"Resistive","properties":[],"link":null,"namespace":"MicroGrid.OnePhase.Components.Load.Resistive","componentRefID":5,"$$hashKey":"object:6371","terminalValue":[],"connectionRow":[{"id":5,"saveStatus":true,"$$hashKey":"object:6375","destLink":"v_in","srcName":{"coordinate":{"row":2,"col":12},"name":"CircuitBreaker","id":3,"type":"CircuitBreaker","properties":[{"name":"Cut","value":"20"}],"link":null,"namespace":"MicroGrid.OnePhase.Components.Breaker.CircuitBreaker","componentRefID":13,"$$hashKey":"object:1808","terminalValue":[],"propertyList":[{"id":13,"saveStatus":true,"$$hashKey":"object:1831","selectedProp":{"name":"Cut","value":"20","$$hashKey":"object:1680"},"value":"20"}],"attributeSave":true,"connections":[{"id":3,"ConnectionCells":[{"row":2,"col":16,"dir":"LEFT"},{"row":2,"col":15,"dir":"LEFT"},{"row":2,"col":14,"dir":"LEFT"},{"row":2,"col":13,"dir":"LEFT"}]},{"id":4,"ConnectionCells":[{"row":2,"col":11,"dir":"LEFT"},{"row":2,"col":10,"dir":"LEFT"}]}],"componentConnectedpairs":[{"id":3,"coordinate":{"row":2,"col":17},"flow":"inward"},{"id":4,"coordinate":{"row":2,"col":9},"flow":"outward"}]},"srcLink":"V_out"}],"connectionSave":true,"connections":[{"id":7,"ConnectionCells":[{"row":3,"col":8,"dir":"LEFT"},{"row":3,"col":7,"dir":"LEFT"},{"row":3,"col":6,"dir":"LEFT"}]},{"id":8,"targetId":7,"ConnectionCells":[{"row":3,"col":4,"dir":"LEFT"},{"row":3,"col":3,"dir":"LEFT"},{"row":3,"col":2,"dir":"LEFT"}]}],"componentConnectedpairs":[{"id":7,"coordinate":{"row":3,"col":9},"flow":"inward"},{"id":8,"targetComponentId":7,"coordinate":{"row":3,"col":1},"flow":"outward"}]},"srcLink":"y"}],"connectionSave":true,"connections":[{"id":8,"targetId":6,"ConnectionCells":[{"row":3,"col":4,"dir":"LEFT"},{"row":3,"col":3,"dir":"LEFT"},{"row":3,"col":2,"dir":"LEFT"}]}],"componentConnectedpairs":[{"id":8,"targetComponentId":6,"coordinate":{"row":3,"col":5},"flow":"inward"}]}],"connection":[{"id":1,"srcid":1,"ConnectionCells":[{"row":1,"col":23,"dir":"LEFT"},{"row":1,"col":22,"dir":"LEFT"},{"row":1,"col":21,"dir":"LEFT"},{"row":1,"col":20,"dir":"LEFT"},{"row":1,"col":19,"dir":"LEFT"},{"row":1,"col":18,"dir":"LEFT"}]},{"id":2,"srcid":2,"ConnectionCells":[{"row":3,"col":23,"dir":"LEFT"},{"row":3,"col":22,"dir":"LEFT"},{"row":3,"col":21,"dir":"LEFT"},{"row":3,"col":20,"dir":"LEFT"},{"row":3,"col":19,"dir":"LEFT"},{"row":3,"col":18,"dir":"LEFT"}]},{"id":3,"destid":3,"ConnectionCells":[{"row":2,"col":16,"dir":"LEFT"},{"row":2,"col":15,"dir":"LEFT"},{"row":2,"col":14,"dir":"LEFT"},{"row":2,"col":13,"dir":"LEFT"}]},{"id":4,"srcid":3,"ConnectionCells":[{"row":2,"col":11,"dir":"LEFT"},{"row":2,"col":10,"dir":"LEFT"}]},{"id":5,"destid":4,"ConnectionCells":[{"row":1,"col":8,"dir":"LEFT"},{"row":1,"col":7,"dir":"LEFT"},{"row":1,"col":6,"dir":"LEFT"}]},{"id":6,"srcid":4,"destid":5,"ConnectionCells":[{"row":1,"col":4,"dir":"LEFT"},{"row":1,"col":3,"dir":"LEFT"},{"row":1,"col":2,"dir":"LEFT"}]},{"id":7,"destid":6,"ConnectionCells":[{"row":3,"col":8,"dir":"LEFT"},{"row":3,"col":7,"dir":"LEFT"},{"row":3,"col":6,"dir":"LEFT"}]},{"id":8,"srcid":6,"destid":7,"ConnectionCells":[{"row":3,"col":4,"dir":"LEFT"},{"row":3,"col":3,"dir":"LEFT"},{"row":3,"col":2,"dir":"LEFT"}]}]}},"circuit":[{"srcName":"CircuitBreaker","srcLink":"V_in","destName":"SolarPanel","destLink":"V_out","srcid":3,"destid":1,"$$hashKey":"object:1811"},{"srcName":"CircuitBreaker","srcLink":"V_in","destName":"WindTurbine","destLink":"V_out","srcid":3,"destid":2,"$$hashKey":"object:1824"},{"srcName":"CircuitBreaker","srcLink":"V_out","destName":"Resistive","destLink":"v_in","srcid":3,"destid":4,"$$hashKey":"object:1837"},{"srcName":"Resistive","srcLink":"y","destName":"Building_load","destLink":"y","srcid":4,"destid":5,"$$hashKey":"object:1842"},{"srcName":"CircuitBreaker","srcLink":"V_out","destName":"Resistive","destLink":"v_in","srcid":3,"destid":6,"$$hashKey":"object:6377"},{"srcName":"Resistive","srcLink":"y","destName":"Building_load","destLink":"y","srcid":6,"destid":7,"$$hashKey":"object:6382"}]}