{"grid":[[null,null,null,null,null,null,null,null,null,null,null,null,null,null,null,null,null,null,null,null,null,null,null,null,null,null,null,null,null,null],[null,null,null,null,null,null,null,null,null,null,null,null,null,{"lineCol":true,"isLine":true},null,null,null,{"coordinate":{"row":1,"col":17},"name":"SolarPanel","id":1,"type":"SolarPanel","properties":[{"name":"P_Capacity","value":"1000"},{"name":"P_in","value":"500"}],"link":null,"namespace":"MicroGrid.OnePhase.Sources.PowerSource","componentRefID":0,"terminalValue":[],"propertyList":[{"id":0,"saveStatus":true,"$$hashKey":"object:2518","selectedProp":{"name":"P_Capacity","value":"","$$hashKey":"object:2440"},"value":"1000"},{"id":0,"saveStatus":true,"$$hashKey":"object:2520","selectedProp":{"name":"P_in","value":"","$$hashKey":"object:2441"},"value":"500"}],"attributeSave":true,"connectionRow":[{"id":0,"saveStatus":true,"$$hashKey":"object:2522","destLink":"V_out","srcName":{"coordinate":{"row":3,"col":17},"name":"BusBar","id":4,"type":"BusBar","properties":[{"name":"n","value":"3"}],"link":null,"namespace":"MicroGrid.Interfaces.OnePhase.BusBar","componentRefID":10,"$$hashKey":"object:2527","terminalValue":[],"propertyList":[{"id":10,"saveStatus":true,"$$hashKey":"object:2537","selectedProp":{"name":"n","value":"","$$hashKey":"object:2539"},"value":"3"}],"attributeSave":true,"connections":[{"id":2,"targetId":2,"ConnectionCells":[{"row":3,"col":23,"dir":"LEFT"},{"row":3,"col":22,"dir":"LEFT"},{"row":3,"col":21,"dir":"LEFT"},{"row":3,"col":20,"dir":"LEFT"},{"row":3,"col":19,"dir":"LEFT"},{"row":3,"col":18,"dir":"LEFT"}]},{"id":3,"targetId":1,"ConnectionCells":[{"row":2,"col":17,"dir":"DOWN"}]},{"id":4,"targetId":3,"ConnectionCells":[{"row":4,"col":17,"dir":"UP"}]},{"id":5,"ConnectionCells":[{"row":3,"col":16,"dir":"LEFT"},{"row":3,"col":15,"dir":"LEFT"},{"row":3,"col":14,"dir":"LEFT"}]}],"componentConnectedpairs":[{"id":2,"targetComponentId":2,"coordinate":{"row":3,"col":24},"flow":"inward"},{"id":3,"targetComponentId":1,"coordinate":{"row":1,"col":17},"flow":"inward"},{"id":4,"targetComponentId":3,"coordinate":{"row":5,"col":17},"flow":"inward"},{"id":5,"coordinate":{"row":3,"col":13},"flow":"outward"}]},"srcLink":"V_in"}],"connectionSave":true,"$$hashKey":"object:2524","connections":[{"id":3,"targetId":4,"ConnectionCells":[{"row":2,"col":17,"dir":"DOWN"}]}],"componentConnectedpairs":[{"id":3,"targetComponentId":4,"coordinate":{"row":3,"col":17},"flow":"outward"}]},null,null,null,null,null,null,null,null,null,null,null,null],[null,null,null,null,null,null,{"coordinate":{"row":2,"col":6},"name":"Resistive","id":5,"type":"Resistive","properties":[],"link":null,"namespace":"MicroGrid.OnePhase.Components.Load.Resistive","componentRefID":5,"$$hashKey":"object:2528","terminalValue":[],"connectionRow":[{"id":5,"saveStatus":true,"$$hashKey":"object:2572","destLink":"v_in","srcName":{"coordinate":{"row":3,"col":17},"name":"BusBar","id":4,"type":"BusBar","properties":[{"name":"n","value":"3"}],"link":null,"namespace":"MicroGrid.Interfaces.OnePhase.BusBar","componentRefID":10,"$$hashKey":"object:2527","terminalValue":[],"propertyList":[{"id":10,"saveStatus":true,"$$hashKey":"object:2537","selectedProp":{"name":"n","value":"","$$hashKey":"object:2539"},"value":"3"}],"attributeSave":true,"connections":[{"id":2,"targetId":2,"ConnectionCells":[{"row":3,"col":23,"dir":"LEFT"},{"row":3,"col":22,"dir":"LEFT"},{"row":3,"col":21,"dir":"LEFT"},{"row":3,"col":20,"dir":"LEFT"},{"row":3,"col":19,"dir":"LEFT"},{"row":3,"col":18,"dir":"LEFT"}]},{"id":3,"targetId":1,"ConnectionCells":[{"row":2,"col":17,"dir":"DOWN"}]},{"id":4,"targetId":3,"ConnectionCells":[{"row":4,"col":17,"dir":"UP"}]},{"id":5,"ConnectionCells":[{"row":3,"col":16,"dir":"LEFT"},{"row":3,"col":15,"dir":"LEFT"},{"row":3,"col":14,"dir":"LEFT"}]}],"componentConnectedpairs":[{"id":2,"targetComponentId":2,"coordinate":{"row":3,"col":24},"flow":"inward"},{"id":3,"targetComponentId":1,"coordinate":{"row":1,"col":17},"flow":"inward"},{"id":4,"targetComponentId":3,"coordinate":{"row":5,"col":17},"flow":"inward"},{"id":5,"coordinate":{"row":3,"col":13},"flow":"outward"}]},"srcLink":"V_out"}],"connectionSave":true,"connections":[{"id":6,"ConnectionCells":[{"row":2,"col":12,"dir":"LEFT"},{"row":2,"col":11,"dir":"LEFT"},{"row":2,"col":10,"dir":"LEFT"},{"row":2,"col":9,"dir":"LEFT"},{"row":2,"col":8,"dir":"LEFT"},{"row":2,"col":7,"dir":"LEFT"}]}],"componentConnectedpairs":[{"id":6,"coordinate":{"row":2,"col":13},"flow":"inward"}]},{"leftCount":1,"leftDir":"LEFT","connectedCell":true,"direction":"LEFT"},{"leftCount":1,"leftDir":"LEFT","connectedCell":true,"direction":"LEFT"},{"leftCount":1,"leftDir":"LEFT","connectedCell":true,"direction":"LEFT"},{"leftCount":1,"leftDir":"LEFT","connectedCell":true,"direction":"LEFT"},{"leftCount":1,"leftDir":"LEFT","connectedCell":true,"direction":"LEFT"},{"leftCount":1,"leftDir":"LEFT","connectedCell":true,"direction":"LEFT"},{"lineCol":true,"isLine":true,"connections":[{"id":6,"targetId":5,"ConnectionCells":[{"row":2,"col":12,"dir":"LEFT"},{"row":2,"col":11,"dir":"LEFT"},{"row":2,"col":10,"dir":"LEFT"},{"row":2,"col":9,"dir":"LEFT"},{"row":2,"col":8,"dir":"LEFT"},{"row":2,"col":7,"dir":"LEFT"}]}],"componentConnectedpairs":[{"id":6,"targetComponentId":5,"coordinate":{"row":2,"col":6},"flow":"outward"}]},null,null,null,{"downCount":1,"downDir":"DOWN","connectedCell":true,"direction":"DOWN"},null,null,null,null,null,null,null,null,null,null,null,null],[null,null,null,null,null,null,null,null,null,null,null,null,null,{"lineCol":true,"isLine":true,"connections":[{"id":5,"targetId":4,"ConnectionCells":[{"row":3,"col":16,"dir":"LEFT"},{"row":3,"col":15,"dir":"LEFT"},{"row":3,"col":14,"dir":"LEFT"}]}],"componentConnectedpairs":[{"id":5,"targetComponentId":4,"coordinate":{"row":3,"col":17},"flow":"inward"}]},{"leftCount":1,"leftDir":"LEFT","connectedCell":true,"direction":"LEFT"},{"leftCount":1,"leftDir":"LEFT","connectedCell":true,"direction":"LEFT"},{"leftCount":1,"leftDir":"LEFT","connectedCell":true,"direction":"LEFT"},{"coordinate":{"row":3,"col":17},"name":"BusBar","id":4,"type":"BusBar","properties":[{"name":"n","value":"3"}],"link":null,"namespace":"MicroGrid.Interfaces.OnePhase.BusBar","componentRefID":10,"$$hashKey":"object:2527","terminalValue":[],"propertyList":[{"id":10,"saveStatus":true,"$$hashKey":"object:2537","selectedProp":{"name":"n","value":"","$$hashKey":"object:2539"},"value":"3"}],"attributeSave":true,"connections":[{"id":2,"targetId":2,"ConnectionCells":[{"row":3,"col":23,"dir":"LEFT"},{"row":3,"col":22,"dir":"LEFT"},{"row":3,"col":21,"dir":"LEFT"},{"row":3,"col":20,"dir":"LEFT"},{"row":3,"col":19,"dir":"LEFT"},{"row":3,"col":18,"dir":"LEFT"}]},{"id":3,"targetId":1,"ConnectionCells":[{"row":2,"col":17,"dir":"DOWN"}]},{"id":4,"targetId":3,"ConnectionCells":[{"row":4,"col":17,"dir":"UP"}]},{"id":5,"ConnectionCells":[{"row":3,"col":16,"dir":"LEFT"},{"row":3,"col":15,"dir":"LEFT"},{"row":3,"col":14,"dir":"LEFT"}]}],"componentConnectedpairs":[{"id":2,"targetComponentId":2,"coordinate":{"row":3,"col":24},"flow":"inward"},{"id":3,"targetComponentId":1,"coordinate":{"row":1,"col":17},"flow":"inward"},{"id":4,"targetComponentId":3,"coordinate":{"row":5,"col":17},"flow":"inward"},{"id":5,"coordinate":{"row":3,"col":13},"flow":"outward"}]},{"leftCount":1,"leftDir":"LEFT","connectedCell":true,"direction":"LEFT"},{"leftCount":1,"leftDir":"LEFT","connectedCell":true,"direction":"LEFT"},{"leftCount":1,"leftDir":"LEFT","connectedCell":true,"direction":"LEFT"},{"leftCount":1,"leftDir":"LEFT","connectedCell":true,"direction":"LEFT"},{"leftCount":1,"leftDir":"LEFT","connectedCell":true,"direction":"LEFT"},{"leftCount":1,"leftDir":"LEFT","connectedCell":true,"direction":"LEFT"},{"coordinate":{"row":3,"col":24},"name":"WindTurbine","id":2,"type":"WindTurbine","properties":[{"name":"P_Capacity","value":"800"},{"name":"P_in","value":"400"}],"link":null,"namespace":"MicroGrid.OnePhase.Sources.PowerSource","componentRefID":1,"$$hashKey":"object:2525","terminalValue":[],"propertyList":[{"id":1,"saveStatus":true,"$$hashKey":"object:2542","selectedProp":{"name":"P_Capacity","value":"","$$hashKey":"object:2544"},"value":"800"},{"id":1,"saveStatus":true,"$$hashKey":"object:2546","selectedProp":{"name":"P_in","value":"","$$hashKey":"object:2545"},"value":"400"}],"attributeSave":true,"connectionRow":[{"id":1,"saveStatus":true,"$$hashKey":"object:2548","destLink":"V_out","srcName":{"coordinate":{"row":3,"col":17},"name":"BusBar","id":4,"type":"BusBar","properties":[{"name":"n","value":"3"}],"link":null,"namespace":"MicroGrid.Interfaces.OnePhase.BusBar","componentRefID":10,"$$hashKey":"object:2527","terminalValue":[],"propertyList":[{"id":10,"saveStatus":true,"$$hashKey":"object:2537","selectedProp":{"name":"n","value":"","$$hashKey":"object:2539"},"value":"3"}],"attributeSave":true,"connections":[{"id":2,"targetId":2,"ConnectionCells":[{"row":3,"col":23,"dir":"LEFT"},{"row":3,"col":22,"dir":"LEFT"},{"row":3,"col":21,"dir":"LEFT"},{"row":3,"col":20,"dir":"LEFT"},{"row":3,"col":19,"dir":"LEFT"},{"row":3,"col":18,"dir":"LEFT"}]},{"id":3,"targetId":1,"ConnectionCells":[{"row":2,"col":17,"dir":"DOWN"}]},{"id":4,"targetId":3,"ConnectionCells":[{"row":4,"col":17,"dir":"UP"}]},{"id":5,"ConnectionCells":[{"row":3,"col":16,"dir":"LEFT"},{"row":3,"col":15,"dir":"LEFT"},{"row":3,"col":14,"dir":"LEFT"}]}],"componentConnectedpairs":[{"id":2,"targetComponentId":2,"coordinate":{"row":3,"col":24},"flow":"inward"},{"id":3,"targetComponentId":1,"coordinate":{"row":1,"col":17},"flow":"inward"},{"id":4,"targetComponentId":3,"coordinate":{"row":5,"col":17},"flow":"inward"},{"id":5,"coordinate":{"row":3,"col":13},"flow":"outward"}]},"srcLink":"V_in"}],"connectionSave":true,"connections":[{"id":2,"targetId":4,"ConnectionCells":[{"row":3,"col":23,"dir":"LEFT"},{"row":3,"col":22,"dir":"LEFT"},{"row":3,"col":21,"dir":"LEFT"},{"row":3,"col":20,"dir":"LEFT"},{"row":3,"col":19,"dir":"LEFT"},{"row":3,"col":18,"dir":"LEFT"}]}],"componentConnectedpairs":[{"id":2,"targetComponentId":4,"coordinate":{"row":3,"col":17},"flow":"outward"}]},null,null,null,null,null],[null,null,null,null,null,null,{"coordinate":{"row":4,"col":6},"name":"Resistive","id":6,"type":"Resistive","properties":[],"link":null,"namespace":"MicroGrid.OnePhase.Components.Load.Resistive","componentRefID":5,"$$hashKey":"object:2529","terminalValue":[],"connectionRow":[{"id":5,"saveStatus":true,"$$hashKey":"object:2577","destLink":"v_in","srcName":{"coordinate":{"row":3,"col":17},"name":"BusBar","id":4,"type":"BusBar","properties":[{"name":"n","value":"3"}],"link":null,"namespace":"MicroGrid.Interfaces.OnePhase.BusBar","componentRefID":10,"$$hashKey":"object:2527","terminalValue":[],"propertyList":[{"id":10,"saveStatus":true,"$$hashKey":"object:2537","selectedProp":{"name":"n","value":"","$$hashKey":"object:2539"},"value":"3"}],"attributeSave":true,"connections":[{"id":2,"targetId":2,"ConnectionCells":[{"row":3,"col":23,"dir":"LEFT"},{"row":3,"col":22,"dir":"LEFT"},{"row":3,"col":21,"dir":"LEFT"},{"row":3,"col":20,"dir":"LEFT"},{"row":3,"col":19,"dir":"LEFT"},{"row":3,"col":18,"dir":"LEFT"}]},{"id":3,"targetId":1,"ConnectionCells":[{"row":2,"col":17,"dir":"DOWN"}]},{"id":4,"targetId":3,"ConnectionCells":[{"row":4,"col":17,"dir":"UP"}]},{"id":5,"ConnectionCells":[{"row":3,"col":16,"dir":"LEFT"},{"row":3,"col":15,"dir":"LEFT"},{"row":3,"col":14,"dir":"LEFT"}]}],"componentConnectedpairs":[{"id":2,"targetComponentId":2,"coordinate":{"row":3,"col":24},"flow":"inward"},{"id":3,"targetComponentId":1,"coordinate":{"row":1,"col":17},"flow":"inward"},{"id":4,"targetComponentId":3,"coordinate":{"row":5,"col":17},"flow":"inward"},{"id":5,"coordinate":{"row":3,"col":13},"flow":"outward"}]},"srcLink":"V_out"}],"connectionSave":true,"connections":[{"id":7,"ConnectionCells":[{"row":4,"col":12,"dir":"LEFT"},{"row":4,"col":11,"dir":"LEFT"},{"row":4,"col":10,"dir":"LEFT"},{"row":4,"col":9,"dir":"LEFT"},{"row":4,"col":8,"dir":"LEFT"},{"row":4,"col":7,"dir":"LEFT"}]}],"componentConnectedpairs":[{"id":7,"coordinate":{"row":4,"col":13},"flow":"inward"}]},{"leftCount":1,"leftDir":"LEFT","connectedCell":true,"direction":"LEFT"},{"leftCount":1,"leftDir":"LEFT","connectedCell":true,"direction":"LEFT"},{"leftCount":1,"leftDir":"LEFT","connectedCell":true,"direction":"LEFT"},{"leftCount":1,"leftDir":"LEFT","connectedCell":true,"direction":"LEFT"},{"leftCount":1,"leftDir":"LEFT","connectedCell":true,"direction":"LEFT"},{"leftCount":1,"leftDir":"LEFT","connectedCell":true,"direction":"LEFT"},{"lineCol":true,"isLine":true,"connections":[{"id":7,"targetId":6,"ConnectionCells":[{"row":4,"col":12,"dir":"LEFT"},{"row":4,"col":11,"dir":"LEFT"},{"row":4,"col":10,"dir":"LEFT"},{"row":4,"col":9,"dir":"LEFT"},{"row":4,"col":8,"dir":"LEFT"},{"row":4,"col":7,"dir":"LEFT"}]}],"componentConnectedpairs":[{"id":7,"targetComponentId":6,"coordinate":{"row":4,"col":6},"flow":"outward"}]},null,null,null,{"upCount":1,"upDir":"UP","connectedCell":true,"direction":"UP"},null,null,null,null,null,null,null,null,null,null,null,null],[null,null,null,null,null,null,null,null,null,null,null,null,null,{"lineCol":true,"isLine":true},null,null,null,{"coordinate":{"row":5,"col":17},"name":"Generator","id":3,"type":"Generator","properties":[{"name":"P_Capacity","value":"600"},{"name":"P_in","value":"300"}],"link":null,"namespace":"MicroGrid.OnePhase.Sources.PowerSource","componentRefID":3,"$$hashKey":"object:2526","terminalValue":[],"propertyList":[{"id":3,"saveStatus":true,"$$hashKey":"object:2557","selectedProp":{"name":"P_Capacity","value":"","$$hashKey":"object:2559"},"value":"600"},{"id":3,"saveStatus":true,"$$hashKey":"object:2561","selectedProp":{"name":"P_in","value":"","$$hashKey":"object:2560"},"value":"300"}],"attributeSave":true,"connectionRow":[{"id":3,"saveStatus":true,"$$hashKey":"object:2563","destLink":"V_out","srcName":{"coordinate":{"row":3,"col":17},"name":"BusBar","id":4,"type":"BusBar","properties":[{"name":"n","value":"3"}],"link":null,"namespace":"MicroGrid.Interfaces.OnePhase.BusBar","componentRefID":10,"$$hashKey":"object:2527","terminalValue":[],"propertyList":[{"id":10,"saveStatus":true,"$$hashKey":"object:2537","selectedProp":{"name":"n","value":"","$$hashKey":"object:2539"},"value":"3"}],"attributeSave":true,"connections":[{"id":2,"targetId":2,"ConnectionCells":[{"row":3,"col":23,"dir":"LEFT"},{"row":3,"col":22,"dir":"LEFT"},{"row":3,"col":21,"dir":"LEFT"},{"row":3,"col":20,"dir":"LEFT"},{"row":3,"col":19,"dir":"LEFT"},{"row":3,"col":18,"dir":"LEFT"}]},{"id":3,"targetId":1,"ConnectionCells":[{"row":2,"col":17,"dir":"DOWN"}]},{"id":4,"targetId":3,"ConnectionCells":[{"row":4,"col":17,"dir":"UP"}]},{"id":5,"ConnectionCells":[{"row":3,"col":16,"dir":"LEFT"},{"row":3,"col":15,"dir":"LEFT"},{"row":3,"col":14,"dir":"LEFT"}]}],"componentConnectedpairs":[{"id":2,"targetComponentId":2,"coordinate":{"row":3,"col":24},"flow":"inward"},{"id":3,"targetComponentId":1,"coordinate":{"row":1,"col":17},"flow":"inward"},{"id":4,"targetComponentId":3,"coordinate":{"row":5,"col":17},"flow":"inward"},{"id":5,"coordinate":{"row":3,"col":13},"flow":"outward"}]},"srcLink":"V_in"}],"connectionSave":true,"connections":[{"id":4,"targetId":4,"ConnectionCells":[{"row":4,"col":17,"dir":"UP"}]}],"componentConnectedpairs":[{"id":4,"targetComponentId":4,"coordinate":{"row":3,"col":17},"flow":"outward"}]},null,null,null,null,null,null,null,null,null,null,null,null],[null,null,null,null,null,null,null,null,null,null,null,null,null,{"lineCol":true,"isLine":true},null,null,null,null,null,null,null,null,null,null,null,null,null,null,null,null],[null,null,null,null,null,null,null,null,null,null,null,null,null,{"lineCol":true,"isLine":true},null,null,null,null,null,null,null,null,null,null,null,null,null,null,null,null],[null,null,null,null,null,null,null,null,null,null,null,null,null,{"lineCol":true,"isLine":true},null,null,null,null,null,null,null,null,null,null,null,null,null,null,null,null],[null,null,null,null,null,null,null,null,null,null,null,null,null,{"lineCol":true,"isLine":true},null,null,null,null,null,null,null,null,null,null,null,null,null,null,null,null],[null,null,null,null,null,null,null,null,null,null,null,null,null,{"lineCol":true,"isLine":true},null,null,null,null,null,null,null,null,null,null,null,null,null,null,null,null],[null,null,null,null,null,null,null,null,null,null,null,null,null,{"lineCol":true,"isLine":true},null,null,null,null,null,null,null,null,null,null,null,null,null,null,null,null],[null,null,null,null,null,null,null,null,null,null,null,null,null,{"lineCol":true,"isLine":true},null,null,null,null,null,null,null,null,null,null,null,null,null,null,null,null],[null,null,null,null,null,null,null,null,null,null,null,null,null,{"lineCol":true,"isLine":true},null,null,null,null,null,null,null,null,null,null,null,null,null,null,null,null],[null,null,null,null,null,null,null,null,null,null,null,null,null,{"lineCol":true,"isLine":true},null,null,null,null,null,null,null,null,null,null,null,null,null,null,null,null],[null,null,null,null,null,null,null,null,null,null,null,null,null,{"lineCol":true,"isLine":true},null,null,null,null,null,null,null,null,null,null,null,null,null,null,null,null],[null,null,null,null,null,null,null,null,null,null,null,null,null,{"lineCol":true,"isLine":true},null,null,null,null,null,null,null,null,null,null,null,null,null,null,null,null],[null,null,null,null,null,null,null,null,null,null,null,null,null,{"lineCol":true,"isLine":true},null,null,null,null,null,null,null,null,null,null,null,null,null,null,null,null],[null,null,null,null,null,null,null,null,null,null,null,null,null,{"lineCol":true,"isLine":true},null,null,null,null,null,null,null,null,null,null,null,null,null,null,null,null],[null,null,null,null,null,null,null,null,null,null,null,null,null,{"lineCol":true,"isLine":true},null,null,null,null,null,null,null,null,null,null,null,null,null,null,null,null],[null,null,null,null,null,null,null,null,null,null,null,null,null,{"lineCol":true,"isLine":true},null,null,null,null,null,null,null,null,null,null,null,null,null,null,null,null],[null,null,null,null,null,null,null,null,null,null,null,null,null,{"lineCol":true,"isLine":true},null,null,null,null,null,null,null,null,null,null,null,null,null,null,null,null],[null,null,null,null,null,null,null,null,null,null,null,null,null,{"lineCol":true,"isLine":true},null,null,null,null,null,null,null,null,null,null,null,null,null,null,null,null],[null,null,null,null,null,null,null,null,null,null,null,null,null,{"lineCol":true,"isLine":true},null,null,null,null,null,null,null,null,null,null,null,null,null,null,null,null],[null,null,null,null,null,null,null,null,null,null,null,null,null,{"lineCol":true,"isLine":true},null,null,null,null,null,null,null,null,null,null,null,null,null,null,null,null]],"context":{"undo":[{"type":"COMPONENT","coordinate":{"row":1,"col":17}},{"type":"COMPONENT","coordinate":{"row":3,"col":24}},{"type":"COMPONENT","coordinate":{"row":5,"col":17}},{"type":"COMPONENT","coordinate":{"row":3,"col":17}},{"type":"COMPONENT","coordinate":{"row":2,"col":6}},{"type":"COMPONENT","coordinate":{"row":4,"col":6}},{"type":"CONNECTOR","coordinate":[{"row":3,"col":23,"dir":"LEFT"},{"row":3,"col":22,"dir":"LEFT"},{"row":3,"col":21,"dir":"LEFT"},{"row":3,"col":20,"dir":"LEFT"},{"row":3,"col":19,"dir":"LEFT"},{"row":3,"col":18,"dir":"LEFT"}]},{"type":"CONNECTOR","coordinate":[{"row":2,"col":17,"dir":"DOWN"}]},{"type":"CONNECTOR","coordinate":[{"row":4,"col":17,"dir":"UP"}]},{"type":"CONNECTOR","coordinate":[{"row":3,"col":16,"dir":"LEFT"},{"row":3,"col":15,"dir":"LEFT"},{"row":3,"col":14,"dir":"LEFT"}]},{"type":"CONNECTOR","coordinate":[{"row":2,"col":12,"dir":"LEFT"},{"row":2,"col":11,"dir":"LEFT"},{"row":2,"col":10,"dir":"LEFT"},{"row":2,"col":9,"dir":"LEFT"},{"row":2,"col":8,"dir":"LEFT"},{"row":2,"col":7,"dir":"LEFT"}]},{"type":"CONNECTOR","coordinate":[{"row":4,"col":12,"dir":"LEFT"},{"row":4,"col":11,"dir":"LEFT"},{"row":4,"col":10,"dir":"LEFT"},{"row":4,"col":9,"dir":"LEFT"},{"row":4,"col":8,"dir":"LEFT"},{"row":4,"col":7,"dir":"LEFT"}]}],"designSchema":{"component":[{"coordinate":{"row":1,"col":17},"name":"SolarPanel","id":1,"type":"SolarPanel","properties":[{"name":"P_Capacity","value":"1000"},{"name":"P_in","value":"500"}],"link":null,"namespace":"MicroGrid.OnePhase.Sources.PowerSource","componentRefID":0,"terminalValue":[],"propertyList":[{"id":0,"saveStatus":true,"$$hashKey":"object:2518","selectedProp":{"name":"P_Capacity","value":"","$$hashKey":"object:2440"},"value":"1000"},{"id":0,"saveStatus":true,"$$hashKey":"object:2520","selectedProp":{"name":"P_in","value":"","$$hashKey":"object:2441"},"value":"500"}],"attributeSave":true,"connectionRow":[{"id":0,"saveStatus":true,"$$hashKey":"object:2522","destLink":"V_out","srcName":{"coordinate":{"row":3,"col":17},"name":"BusBar","id":4,"type":"BusBar","properties":[{"name":"n","value":"3"}],"link":null,"namespace":"MicroGrid.Interfaces.OnePhase.BusBar","componentRefID":10,"$$hashKey":"object:2527","terminalValue":[],"propertyList":[{"id":10,"saveStatus":true,"$$hashKey":"object:2537","selectedProp":{"name":"n","value":"","$$hashKey":"object:2539"},"value":"3"}],"attributeSave":true,"connections":[{"id":2,"targetId":2,"ConnectionCells":[{"row":3,"col":23,"dir":"LEFT"},{"row":3,"col":22,"dir":"LEFT"},{"row":3,"col":21,"dir":"LEFT"},{"row":3,"col":20,"dir":"LEFT"},{"row":3,"col":19,"dir":"LEFT"},{"row":3,"col":18,"dir":"LEFT"}]},{"id":3,"targetId":1,"ConnectionCells":[{"row":2,"col":17,"dir":"DOWN"}]},{"id":4,"targetId":3,"ConnectionCells":[{"row":4,"col":17,"dir":"UP"}]},{"id":5,"ConnectionCells":[{"row":3,"col":16,"dir":"LEFT"},{"row":3,"col":15,"dir":"LEFT"},{"row":3,"col":14,"dir":"LEFT"}]}],"componentConnectedpairs":[{"id":2,"targetComponentId":2,"coordinate":{"row":3,"col":24},"flow":"inward"},{"id":3,"targetComponentId":1,"coordinate":{"row":1,"col":17},"flow":"inward"},{"id":4,"targetComponentId":3,"coordinate":{"row":5,"col":17},"flow":"inward"},{"id":5,"coordinate":{"row":3,"col":13},"flow":"outward"}]},"srcLink":"V_in"}],"connectionSave":true,"$$hashKey":"object:2524","connections":[{"id":3,"targetId":4,"ConnectionCells":[{"row":2,"col":17,"dir":"DOWN"}]}],"componentConnectedpairs":[{"id":3,"targetComponentId":4,"coordinate":{"row":3,"col":17},"flow":"outward"}]},{"coordinate":{"row":3,"col":24},"name":"WindTurbine","id":2,"type":"WindTurbine","properties":[{"name":"P_Capacity","value":"800"},{"name":"P_in","value":"400"}],"link":null,"namespace":"MicroGrid.OnePhase.Sources.PowerSource","componentRefID":1,"$$hashKey":"object:2525","terminalValue":[],"propertyList":[{"id":1,"saveStatus":true,"$$hashKey":"object:2542","selectedProp":{"name":"P_Capacity","value":"","$$hashKey":"object:2544"},"value":"800"},{"id":1,"saveStatus":true,"$$hashKey":"object:2546","selectedProp":{"name":"P_in","value":"","$$hashKey":"object:2545"},"value":"400"}],"attributeSave":true,"connectionRow":[{"id":1,"saveStatus":true,"$$hashKey":"object:2548","destLink":"V_out","srcName":{"coordinate":{"row":3,"col":17},"name":"BusBar","id":4,"type":"BusBar","properties":[{"name":"n","value":"3"}],"link":null,"namespace":"MicroGrid.Interfaces.OnePhase.BusBar","componentRefID":10,"$$hashKey":"object:2527","terminalValue":[],"propertyList":[{"id":10,"saveStatus":true,"$$hashKey":"object:2537","selectedProp":{"name":"n","value":"","$$hashKey":"object:2539"},"value":"3"}],"attributeSave":true,"connections":[{"id":2,"targetId":2,"ConnectionCells":[{"row":3,"col":23,"dir":"LEFT"},{"row":3,"col":22,"dir":"LEFT"},{"row":3,"col":21,"dir":"LEFT"},{"row":3,"col":20,"dir":"LEFT"},{"row":3,"col":19,"dir":"LEFT"},{"row":3,"col":18,"dir":"LEFT"}]},{"id":3,"targetId":1,"ConnectionCells":[{"row":2,"col":17,"dir":"DOWN"}]},{"id":4,"targetId":3,"ConnectionCells":[{"row":4,"col":17,"dir":"UP"}]},{"id":5,"ConnectionCells":[{"row":3,"col":16,"dir":"LEFT"},{"row":3,"col":15,"dir":"LEFT"},{"row":3,"col":14,"dir":"LEFT"}]}],"componentConnectedpairs":[{"id":2,"targetComponentId":2,"coordinate":{"row":3,"col":24},"flow":"inward"},{"id":3,"targetComponentId":1,"coordinate":{"row":1,"col":17},"flow":"inward"},{"id":4,"targetComponentId":3,"coordinate":{"row":5,"col":17},"flow":"inward"},{"id":5,"coordinate":{"row":3,"col":13},"flow":"outward"}]},"srcLink":"V_in"}],"connectionSave":true,"connections":[{"id":2,"targetId":4,"ConnectionCells":[{"row":3,"col":23,"dir":"LEFT"},{"row":3,"col":22,"dir":"LEFT"},{"row":3,"col":21,"dir":"LEFT"},{"row":3,"col":20,"dir":"LEFT"},{"row":3,"col":19,"dir":"LEFT"},{"row":3,"col":18,"dir":"LEFT"}]}],"componentConnectedpairs":[{"id":2,"targetComponentId":4,"coordinate":{"row":3,"col":17},"flow":"outward"}]},{"coordinate":{"row":5,"col":17},"name":"Generator","id":3,"type":"Generator","properties":[{"name":"P_Capacity","value":"600"},{"name":"P_in","value":"300"}],"link":null,"namespace":"MicroGrid.OnePhase.Sources.PowerSource","componentRefID":3,"$$hashKey":"object:2526","terminalValue":[],"propertyList":[{"id":3,"saveStatus":true,"$$hashKey":"object:2557","selectedProp":{"name":"P_Capacity","value":"","$$hashKey":"object:2559"},"value":"600"},{"id":3,"saveStatus":true,"$$hashKey":"object:2561","selectedProp":{"name":"P_in","value":"","$$hashKey":"object:2560"},"value":"300"}],"attributeSave":true,"connectionRow":[{"id":3,"saveStatus":true,"$$hashKey":"object:2563","destLink":"V_out","srcName":{"coordinate":{"row":3,"col":17},"name":"BusBar","id":4,"type":"BusBar","properties":[{"name":"n","value":"3"}],"link":null,"namespace":"MicroGrid.Interfaces.OnePhase.BusBar","componentRefID":10,"$$hashKey":"object:2527","terminalValue":[],"propertyList":[{"id":10,"saveStatus":true,"$$hashKey":"object:2537","selectedProp":{"name":"n","value":"","$$hashKey":"object:2539"},"value":"3"}],"attributeSave":true,"connections":[{"id":2,"targetId":2,"ConnectionCells":[{"row":3,"col":23,"dir":"LEFT"},{"row":3,"col":22,"dir":"LEFT"},{"row":3,"col":21,"dir":"LEFT"},{"row":3,"col":20,"dir":"LEFT"},{"row":3,"col":19,"dir":"LEFT"},{"row":3,"col":18,"dir":"LEFT"}]},{"id":3,"targetId":1,"ConnectionCells":[{"row":2,"col":17,"dir":"DOWN"}]},{"id":4,"targetId":3,"ConnectionCells":[{"row":4,"col":17,"dir":"UP"}]},{"id":5,"ConnectionCells":[{"row":3,"col":16,"dir":"LEFT"},{"row":3,"col":15,"dir":"LEFT"},{"row":3,"col":14,"dir":"LEFT"}]}],"componentConnectedpairs":[{"id":2,"targetComponentId":2,"coordinate":{"row":3,"col":24},"flow":"inward"},{"id":3,"targetComponentId":1,"coordinate":{"row":1,"col":17},"flow":"inward"},{"id":4,"targetComponentId":3,"coordinate":{"row":5,"col":17},"flow":"inward"},{"id":5,"coordinate":{"row":3,"col":13},"flow":"outward"}]},"srcLink":"V_in"}],"connectionSave":true,"connections":[{"id":4,"targetId":4,"ConnectionCells":[{"row":4,"col":17,"dir":"UP"}]}],"componentConnectedpairs":[{"id":4,"targetComponentId":4,"coordinate":{"row":3,"col":17},"flow":"outward"}]},{"coordinate":{"row":3,"col":17},"name":"BusBar","id":4,"type":"BusBar","properties":[{"name":"n","value":"3"}],"link":null,"namespace":"MicroGrid.Interfaces.OnePhase.BusBar","componentRefID":10,"$$hashKey":"object:2527","terminalValue":[],"propertyList":[{"id":10,"saveStatus":true,"$$hashKey":"object:2537","selectedProp":{"name":"n","value":"","$$hashKey":"object:2539"},"value":"3"}],"attributeSave":true,"connections":[{"id":2,"targetId":2,"ConnectionCells":[{"row":3,"col":23,"dir":"LEFT"},{"row":3,"col":22,"dir":"LEFT"},{"row":3,"col":21,"dir":"LEFT"},{"row":3,"col":20,"dir":"LEFT"},{"row":3,"col":19,"dir":"LEFT"},{"row":3,"col":18,"dir":"LEFT"}]},{"id":3,"targetId":1,"ConnectionCells":[{"row":2,"col":17,"dir":"DOWN"}]},{"id":4,"targetId":3,"ConnectionCells":[{"row":4,"col":17,"dir":"UP"}]},{"id":5,"ConnectionCells":[{"row":3,"col":16,"dir":"LEFT"},{"row":3,"col":15,"dir":"LEFT"},{"row":3,"col":14,"dir":"LEFT"}]}],"componentConnectedpairs":[{"id":2,"targetComponentId":2,"coordinate":{"row":3,"col":24},"flow":"inward"},{"id":3,"targetComponentId":1,"coordinate":{"row":1,"col":17},"flow":"inward"},{"id":4,"targetComponentId":3,"coordinate":{"row":5,"col":17},"flow":"inward"},{"id":5,"coordinate":{"row":3,"col":13},"flow":"outward"}]},{"coordinate":{"row":2,"col":6},"name":"Resistive","id":5,"type":"Resistive","properties":[],"link":null,"namespace":"MicroGrid.OnePhase.Components.Load.Resistive","componentRefID":5,"$$hashKey":"object:2528","terminalValue":[],"connectionRow":[{"id":5,"saveStatus":true,"$$hashKey":"object:2572","destLink":"v_in","srcName":{"coordinate":{"row":3,"col":17},"name":"BusBar","id":4,"type":"BusBar","properties":[{"name":"n","value":"3"}],"link":null,"namespace":"MicroGrid.Interfaces.OnePhase.BusBar","componentRefID":10,"$$hashKey":"object:2527","terminalValue":[],"propertyList":[{"id":10,"saveStatus":true,"$$hashKey":"object:2537","selectedProp":{"name":"n","value":"","$$hashKey":"object:2539"},"value":"3"}],"attributeSave":true,"connections":[{"id":2,"targetId":2,"ConnectionCells":[{"row":3,"col":23,"dir":"LEFT"},{"row":3,"col":22,"dir":"LEFT"},{"row":3,"col":21,"dir":"LEFT"},{"row":3,"col":20,"dir":"LEFT"},{"row":3,"col":19,"dir":"LEFT"},{"row":3,"col":18,"dir":"LEFT"}]},{"id":3,"targetId":1,"ConnectionCells":[{"row":2,"col":17,"dir":"DOWN"}]},{"id":4,"targetId":3,"ConnectionCells":[{"row":4,"col":17,"dir":"UP"}]},{"id":5,"ConnectionCells":[{"row":3,"col":16,"dir":"LEFT"},{"row":3,"col":15,"dir":"LEFT"},{"row":3,"col":14,"dir":"LEFT"}]}],"componentConnectedpairs":[{"id":2,"targetComponentId":2,"coordinate":{"row":3,"col":24},"flow":"inward"},{"id":3,"targetComponentId":1,"coordinate":{"row":1,"col":17},"flow":"inward"},{"id":4,"targetComponentId":3,"coordinate":{"row":5,"col":17},"flow":"inward"},{"id":5,"coordinate":{"row":3,"col":13},"flow":"outward"}]},"srcLink":"V_out"}],"connectionSave":true,"connections":[{"id":6,"ConnectionCells":[{"row":2,"col":12,"dir":"LEFT"},{"row":2,"col":11,"dir":"LEFT"},{"row":2,"col":10,"dir":"LEFT"},{"row":2,"col":9,"dir":"LEFT"},{"row":2,"col":8,"dir":"LEFT"},{"row":2,"col":7,"dir":"LEFT"}]}],"componentConnectedpairs":[{"id":6,"coordinate":{"row":2,"col":13},"flow":"inward"}]},{"coordinate":{"row":4,"col":6},"name":"Resistive","id":6,"type":"Resistive","properties":[],"link":null,"namespace":"MicroGrid.OnePhase.Components.Load.Resistive","componentRefID":5,"$$hashKey":"object:2529","terminalValue":[],"connectionRow":[{"id":5,"saveStatus":true,"$$hashKey":"object:2577","destLink":"v_in","srcName":{"coordinate":{"row":3,"col":17},"name":"BusBar","id":4,"type":"BusBar","properties":[{"name":"n","value":"3"}],"link":null,"namespace":"MicroGrid.Interfaces.OnePhase.BusBar","componentRefID":10,"$$hashKey":"object:2527","terminalValue":[],"propertyList":[{"id":10,"saveStatus":true,"$$hashKey":"object:2537","selectedProp":{"name":"n","value":"","$$hashKey":"object:2539"},"value":"3"}],"attributeSave":true,"connections":[{"id":2,"targetId":2,"ConnectionCells":[{"row":3,"col":23,"dir":"LEFT"},{"row":3,"col":22,"dir":"LEFT"},{"row":3,"col":21,"dir":"LEFT"},{"row":3,"col":20,"dir":"LEFT"},{"row":3,"col":19,"dir":"LEFT"},{"row":3,"col":18,"dir":"LEFT"}]},{"id":3,"targetId":1,"ConnectionCells":[{"row":2,"col":17,"dir":"DOWN"}]},{"id":4,"targetId":3,"ConnectionCells":[{"row":4,"col":17,"dir":"UP"}]},{"id":5,"ConnectionCells":[{"row":3,"col":16,"dir":"LEFT"},{"row":3,"col":15,"dir":"LEFT"},{"row":3,"col":14,"dir":"LEFT"}]}],"componentConnectedpairs":[{"id":2,"targetComponentId":2,"coordinate":{"row":3,"col":24},"flow":"inward"},{"id":3,"targetComponentId":1,"coordinate":{"row":1,"col":17},"flow":"inward"},{"id":4,"targetComponentId":3,"coordinate":{"row":5,"col":17},"flow":"inward"},{"id":5,"coordinate":{"row":3,"col":13},"flow":"outward"}]},"srcLink":"V_out"}],"connectionSave":true,"connections":[{"id":7,"ConnectionCells":[{"row":4,"col":12,"dir":"LEFT"},{"row":4,"col":11,"dir":"LEFT"},{"row":4,"col":10,"dir":"LEFT"},{"row":4,"col":9,"dir":"LEFT"},{"row":4,"col":8,"dir":"LEFT"},{"row":4,"col":7,"dir":"LEFT"}]}],"componentConnectedpairs":[{"id":7,"coordinate":{"row":4,"col":13},"flow":"inward"}]}],"connection":[{"id":2,"srcid":2,"destid":4,"ConnectionCells":[{"row":3,"col":23,"dir":"LEFT"},{"row":3,"col":22,"dir":"LEFT"},{"row":3,"col":21,"dir":"LEFT"},{"row":3,"col":20,"dir":"LEFT"},{"row":3,"col":19,"dir":"LEFT"},{"row":3,"col":18,"dir":"LEFT"}]},{"id":3,"srcid":1,"destid":4,"ConnectionCells":[{"row":2,"col":17,"dir":"DOWN"}]},{"id":4,"srcid":3,"destid":4,"ConnectionCells":[{"row":4,"col":17,"dir":"UP"}]},{"id":5,"srcid":4,"ConnectionCells":[{"row":3,"col":16,"dir":"LEFT"},{"row":3,"col":15,"dir":"LEFT"},{"row":3,"col":14,"dir":"LEFT"}]},{"id":6,"destid":5,"ConnectionCells":[{"row":2,"col":12,"dir":"LEFT"},{"row":2,"col":11,"dir":"LEFT"},{"row":2,"col":10,"dir":"LEFT"},{"row":2,"col":9,"dir":"LEFT"},{"row":2,"col":8,"dir":"LEFT"},{"row":2,"col":7,"dir":"LEFT"}]},{"id":7,"destid":6,"ConnectionCells":[{"row":4,"col":12,"dir":"LEFT"},{"row":4,"col":11,"dir":"LEFT"},{"row":4,"col":10,"dir":"LEFT"},{"row":4,"col":9,"dir":"LEFT"},{"row":4,"col":8,"dir":"LEFT"},{"row":4,"col":7,"dir":"LEFT"}]}]}},"circuit":[{"srcName":"BusBar","srcLink":"V_in","destName":"SolarPanel","destLink":"V_out","srcid":4,"destid":1,"$$hashKey":"object:2530"},{"srcName":"BusBar","srcLink":"V_in","destName":"WindTurbine","destLink":"V_out","srcid":4,"destid":2,"$$hashKey":"object:2550"},{"srcName":"BusBar","srcLink":"V_in","destName":"Generator","destLink":"V_out","srcid":4,"destid":3,"$$hashKey":"object:2565"},{"srcName":"BusBar","srcLink":"V_out","destName":"Resistive","destLink":"v_in","srcid":4,"destid":5,"$$hashKey":"object:2574"},{"srcName":"BusBar","srcLink":"V_out","destName":"Resistive","destLink":"v_in","srcid":4,"destid":6,"$$hashKey":"object:2579"}]}